-- phpMyAdmin SQL Dump
-- version 5.1.1
-- https://www.phpmyadmin.net/
--
-- Host: 127.0.0.1
-- Generation Time: Aug 04, 2022 at 12:43 PM
-- Server version: 10.4.20-MariaDB
-- PHP Version: 8.0.9

SET SQL_MODE = "NO_AUTO_VALUE_ON_ZERO";
START TRANSACTION;
SET time_zone = "+00:00";


/*!40101 SET @OLD_CHARACTER_SET_CLIENT=@@CHARACTER_SET_CLIENT */;
/*!40101 SET @OLD_CHARACTER_SET_RESULTS=@@CHARACTER_SET_RESULTS */;
/*!40101 SET @OLD_COLLATION_CONNECTION=@@COLLATION_CONNECTION */;
/*!40101 SET NAMES utf8mb4 */;

--
-- Database: `quiz`
--

-- --------------------------------------------------------

--
-- Table structure for table `access_learn_term`
--

CREATE TABLE `access_learn_term` (
  `id_user` varchar(255) NOT NULL,
  `id_term` varchar(255) NOT NULL,
  `time_access` varchar(255) NOT NULL,
  `point_day` varchar(255) NOT NULL,
  `own_id` varchar(255) NOT NULL
) ENGINE=InnoDB DEFAULT CHARSET=utf8mb4;

--
-- Dumping data for table `access_learn_term`
--

INSERT INTO `access_learn_term` (`id_user`, `id_term`, `time_access`, `point_day`, `own_id`) VALUES
('2MGHEBW6H5Ww3G8joQwoQ3FLobb2', '21a10c7c-234c-4ad7-bb03-c22a4c17a07c', '2022-07-26T13:05:30.599Z', '26/07/2022', '2MGHEBW6H5Ww3G8joQwoQ3FLobb2'),
('2MGHEBW6H5Ww3G8joQwoQ3FLobb2', '21a10c7c-234c-4ad7-bb03-c22a4c17a07c', '2022-07-27T08:40:11.714Z', '27/07/2022', '2MGHEBW6H5Ww3G8joQwoQ3FLobb2'),
('2MGHEBW6H5Ww3G8joQwoQ3FLobb2', '21a10c7c-234c-4ad7-bb03-c22a4c17a07c', '2022-07-27T08:41:33.073Z', '27/07/2022', '2MGHEBW6H5Ww3G8joQwoQ3FLobb2'),
('2MGHEBW6H5Ww3G8joQwoQ3FLobb2', '21a10c7c-234c-4ad7-bb03-c22a4c17a07c', '2022-07-27T08:44:02.712Z', '27/07/2022', '2MGHEBW6H5Ww3G8joQwoQ3FLobb2'),
('2MGHEBW6H5Ww3G8joQwoQ3FLobb2', '21a10c7c-234c-4ad7-bb03-c22a4c17a07c', '2022-07-27T08:45:33.902Z', '27/07/2022', '2MGHEBW6H5Ww3G8joQwoQ3FLobb2'),
('2MGHEBW6H5Ww3G8joQwoQ3FLobb2', '21a10c7c-234c-4ad7-bb03-c22a4c17a07c', '2022-07-29T19:12:38.142Z', '30/07/2022', '2MGHEBW6H5Ww3G8joQwoQ3FLobb2'),
('2MGHEBW6H5Ww3G8joQwoQ3FLobb2', '21a10c7c-234c-4ad7-bb03-c22a4c17a07c', '2022-08-01T09:58:32.104Z', '01/08/2022', '2MGHEBW6H5Ww3G8joQwoQ3FLobb2'),
('2MGHEBW6H5Ww3G8joQwoQ3FLobb2', '26f9ff73-a8a7-43de-b260-2680fdd7ec56', '2022-07-27T08:49:24.864Z', '27/07/2022', '2MGHEBW6H5Ww3G8joQwoQ3FLobb2'),
('2MGHEBW6H5Ww3G8joQwoQ3FLobb2', '26f9ff73-a8a7-43de-b260-2680fdd7ec56', '2022-07-29T08:43:19.015Z', '29/07/2022', '2MGHEBW6H5Ww3G8joQwoQ3FLobb2'),
('2MGHEBW6H5Ww3G8joQwoQ3FLobb2', '26f9ff73-a8a7-43de-b260-2680fdd7ec56', '2022-07-29T08:49:26.487Z', '29/07/2022', '2MGHEBW6H5Ww3G8joQwoQ3FLobb2'),
('2MGHEBW6H5Ww3G8joQwoQ3FLobb2', '26f9ff73-a8a7-43de-b260-2680fdd7ec56', '2022-07-29T08:57:33.092Z', '29/07/2022', ''),
('2MGHEBW6H5Ww3G8joQwoQ3FLobb2', '76cc3550-2bae-4e14-a458-5f939374823c', '2022-07-23T14:14:59.745Z', '23/07/2022', '2MGHEBW6H5Ww3G8joQwoQ3FLobb2'),
('2MGHEBW6H5Ww3G8joQwoQ3FLobb2', '76cc3550-2bae-4e14-a458-5f939374823c', '2022-07-23T14:23:09.181Z', '23/07/2022', '2MGHEBW6H5Ww3G8joQwoQ3FLobb2'),
('2MGHEBW6H5Ww3G8joQwoQ3FLobb2', '76cc3550-2bae-4e14-a458-5f939374823c', '2022-07-23T16:36:09.131Z', '23/07/2022', '2MGHEBW6H5Ww3G8joQwoQ3FLobb2'),
('2MGHEBW6H5Ww3G8joQwoQ3FLobb2', '76cc3550-2bae-4e14-a458-5f939374823c', '2022-07-23T16:48:43.788Z', '23/07/2022', '2MGHEBW6H5Ww3G8joQwoQ3FLobb2'),
('2MGHEBW6H5Ww3G8joQwoQ3FLobb2', '76cc3550-2bae-4e14-a458-5f939374823c', '2022-07-24T04:12:29.518Z', '24/07/2022', '2MGHEBW6H5Ww3G8joQwoQ3FLobb2'),
('2MGHEBW6H5Ww3G8joQwoQ3FLobb2', '76cc3550-2bae-4e14-a458-5f939374823c', '2022-07-24T09:36:38.714Z', '24/07/2022', '2MGHEBW6H5Ww3G8joQwoQ3FLobb2'),
('2MGHEBW6H5Ww3G8joQwoQ3FLobb2', '76cc3550-2bae-4e14-a458-5f939374823c', '2022-07-25T02:52:28.531Z', '25/07/2022', '2MGHEBW6H5Ww3G8joQwoQ3FLobb2'),
('2MGHEBW6H5Ww3G8joQwoQ3FLobb2', '76cc3550-2bae-4e14-a458-5f939374823c', '2022-07-25T17:12:02.848Z', '26/07/2022', '2MGHEBW6H5Ww3G8joQwoQ3FLobb2'),
('2MGHEBW6H5Ww3G8joQwoQ3FLobb2', '76cc3550-2bae-4e14-a458-5f939374823c', '2022-07-25T17:12:07.544Z', '26/07/2022', '2MGHEBW6H5Ww3G8joQwoQ3FLobb2'),
('2MGHEBW6H5Ww3G8joQwoQ3FLobb2', '76cc3550-2bae-4e14-a458-5f939374823c', '2022-07-29T14:20:04.176Z', '29/07/2022', '2MGHEBW6H5Ww3G8joQwoQ3FLobb2'),
('2MGHEBW6H5Ww3G8joQwoQ3FLobb2', '76cc3550-2bae-4e14-a458-5f939374823c', '2022-07-29T14:23:31.572Z', '29/07/2022', '2MGHEBW6H5Ww3G8joQwoQ3FLobb2'),
('2MGHEBW6H5Ww3G8joQwoQ3FLobb2', '76cc3550-2bae-4e14-a458-5f939374823c', '2022-08-01T09:58:34.691Z', '01/08/2022', '2MGHEBW6H5Ww3G8joQwoQ3FLobb2'),
('2MGHEBW6H5Ww3G8joQwoQ3FLobb2', '789b6367-2723-4eed-90e9-e0ff0bd1ed63', '2022-07-19T09:46:41.851Z', '19/07/2022', '2MGHEBW6H5Ww3G8joQwoQ3FLobb2'),
('2MGHEBW6H5Ww3G8joQwoQ3FLobb2', '7b35d010-8696-46a2-99d5-64a110f639de', '2022-07-23T16:49:32.441Z', '23/07/2022', 'RWoc8tyqK6XVTTutsjraNQ9dkYU2'),
('2MGHEBW6H5Ww3G8joQwoQ3FLobb2', '7b35d010-8696-46a2-99d5-64a110f639de', '2022-07-25T02:52:26.336Z', '25/07/2022', 'RWoc8tyqK6XVTTutsjraNQ9dkYU2'),
('2MGHEBW6H5Ww3G8joQwoQ3FLobb2', '7b35d010-8696-46a2-99d5-64a110f639de', '2022-07-26T13:08:34.220Z', '26/07/2022', 'RWoc8tyqK6XVTTutsjraNQ9dkYU2'),
('2MGHEBW6H5Ww3G8joQwoQ3FLobb2', '7b35d010-8696-46a2-99d5-64a110f639de', '2022-07-29T09:17:21.639Z', '29/07/2022', 'RWoc8tyqK6XVTTutsjraNQ9dkYU2'),
('2MGHEBW6H5Ww3G8joQwoQ3FLobb2', '7b35d010-8696-46a2-99d5-64a110f639de', '2022-07-30T03:53:25.869Z', '30/07/2022', 'RWoc8tyqK6XVTTutsjraNQ9dkYU2'),
('2MGHEBW6H5Ww3G8joQwoQ3FLobb2', '7b35d010-8696-46a2-99d5-64a110f639de', '2022-08-01T10:02:37.915Z', '01/08/2022', 'RWoc8tyqK6XVTTutsjraNQ9dkYU2'),
('2MGHEBW6H5Ww3G8joQwoQ3FLobb2', 'bb54a609-a95f-4062-bd51-4c34787b3158', '2022-07-09T15:09:16.590Z', '09/07/2022', '2MGHEBW6H5Ww3G8joQwoQ3FLobb2'),
('2MGHEBW6H5Ww3G8joQwoQ3FLobb2', 'bb54a609-a95f-4062-bd51-4c34787b3158', '2022-07-09T15:44:09.368Z', '09/07/2022', '2MGHEBW6H5Ww3G8joQwoQ3FLobb2'),
('2MGHEBW6H5Ww3G8joQwoQ3FLobb2', 'bb54a609-a95f-4062-bd51-4c34787b3158', '2022-07-11T13:46:40.332Z', '11/07/2022', '2MGHEBW6H5Ww3G8joQwoQ3FLobb2'),
('2MGHEBW6H5Ww3G8joQwoQ3FLobb2', 'bb54a609-a95f-4062-bd51-4c34787b3158', '2022-07-11T14:02:46.694Z', '11/07/2022', '2MGHEBW6H5Ww3G8joQwoQ3FLobb2'),
('2MGHEBW6H5Ww3G8joQwoQ3FLobb2', 'bb54a609-a95f-4062-bd51-4c34787b3158', '2022-07-11T14:03:49.239Z', '11/07/2022', '2MGHEBW6H5Ww3G8joQwoQ3FLobb2'),
('2MGHEBW6H5Ww3G8joQwoQ3FLobb2', 'bb54a609-a95f-4062-bd51-4c34787b3158', '2022-07-15T12:39:52.635Z', '15/07/2022', '2MGHEBW6H5Ww3G8joQwoQ3FLobb2'),
('2MGHEBW6H5Ww3G8joQwoQ3FLobb2', 'bb54a609-a95f-4062-bd51-4c34787b3158', '2022-07-15T13:08:42.233Z', '15/07/2022', '2MGHEBW6H5Ww3G8joQwoQ3FLobb2'),
('2MGHEBW6H5Ww3G8joQwoQ3FLobb2', 'bb54a609-a95f-4062-bd51-4c34787b3158', '2022-07-15T13:16:12.436Z', '15/07/2022', '2MGHEBW6H5Ww3G8joQwoQ3FLobb2'),
('2MGHEBW6H5Ww3G8joQwoQ3FLobb2', 'bb54a609-a95f-4062-bd51-4c34787b3158', '2022-07-15T14:51:47.190Z', '15/07/2022', '2MGHEBW6H5Ww3G8joQwoQ3FLobb2'),
('2MGHEBW6H5Ww3G8joQwoQ3FLobb2', 'bb54a609-a95f-4062-bd51-4c34787b3158', '2022-07-15T14:52:52.136Z', '15/07/2022', '2MGHEBW6H5Ww3G8joQwoQ3FLobb2'),
('2MGHEBW6H5Ww3G8joQwoQ3FLobb2', 'bb54a609-a95f-4062-bd51-4c34787b3158', '2022-07-15T17:09:07.855Z', '16/07/2022', '2MGHEBW6H5Ww3G8joQwoQ3FLobb2'),
('2MGHEBW6H5Ww3G8joQwoQ3FLobb2', 'bb54a609-a95f-4062-bd51-4c34787b3158', '2022-07-15T17:12:02.219Z', '16/07/2022', '2MGHEBW6H5Ww3G8joQwoQ3FLobb2'),
('2MGHEBW6H5Ww3G8joQwoQ3FLobb2', 'bb54a609-a95f-4062-bd51-4c34787b3158', '2022-07-15T23:03:07.768Z', '16/07/2022', '2MGHEBW6H5Ww3G8joQwoQ3FLobb2'),
('2MGHEBW6H5Ww3G8joQwoQ3FLobb2', 'bb54a609-a95f-4062-bd51-4c34787b3158', '2022-07-15T23:05:35.479Z', '16/07/2022', '2MGHEBW6H5Ww3G8joQwoQ3FLobb2'),
('2MGHEBW6H5Ww3G8joQwoQ3FLobb2', 'bb54a609-a95f-4062-bd51-4c34787b3158', '2022-07-15T23:10:17.116Z', '16/07/2022', '2MGHEBW6H5Ww3G8joQwoQ3FLobb2'),
('2MGHEBW6H5Ww3G8joQwoQ3FLobb2', 'bb54a609-a95f-4062-bd51-4c34787b3158', '2022-07-15T23:11:00.032Z', '16/07/2022', '2MGHEBW6H5Ww3G8joQwoQ3FLobb2'),
('2MGHEBW6H5Ww3G8joQwoQ3FLobb2', 'bb54a609-a95f-4062-bd51-4c34787b3158', '2022-07-15T23:11:48.926Z', '16/07/2022', '2MGHEBW6H5Ww3G8joQwoQ3FLobb2'),
('2MGHEBW6H5Ww3G8joQwoQ3FLobb2', 'bb54a609-a95f-4062-bd51-4c34787b3158', '2022-07-15T23:13:07.105Z', '16/07/2022', '2MGHEBW6H5Ww3G8joQwoQ3FLobb2'),
('2MGHEBW6H5Ww3G8joQwoQ3FLobb2', 'bb54a609-a95f-4062-bd51-4c34787b3158', '2022-07-15T23:15:57.362Z', '16/07/2022', '2MGHEBW6H5Ww3G8joQwoQ3FLobb2'),
('2MGHEBW6H5Ww3G8joQwoQ3FLobb2', 'bb54a609-a95f-4062-bd51-4c34787b3158', '2022-07-15T23:17:27.071Z', '16/07/2022', '2MGHEBW6H5Ww3G8joQwoQ3FLobb2'),
('2MGHEBW6H5Ww3G8joQwoQ3FLobb2', 'bb54a609-a95f-4062-bd51-4c34787b3158', '2022-07-15T23:19:01.362Z', '16/07/2022', '2MGHEBW6H5Ww3G8joQwoQ3FLobb2'),
('2MGHEBW6H5Ww3G8joQwoQ3FLobb2', 'bb54a609-a95f-4062-bd51-4c34787b3158', '2022-07-15T23:20:33.835Z', '16/07/2022', '2MGHEBW6H5Ww3G8joQwoQ3FLobb2'),
('2MGHEBW6H5Ww3G8joQwoQ3FLobb2', 'bb54a609-a95f-4062-bd51-4c34787b3158', '2022-07-15T23:22:41.260Z', '16/07/2022', '2MGHEBW6H5Ww3G8joQwoQ3FLobb2'),
('2MGHEBW6H5Ww3G8joQwoQ3FLobb2', 'bb54a609-a95f-4062-bd51-4c34787b3158', '2022-07-15T23:25:08.907Z', '16/07/2022', '2MGHEBW6H5Ww3G8joQwoQ3FLobb2'),
('2MGHEBW6H5Ww3G8joQwoQ3FLobb2', 'bb54a609-a95f-4062-bd51-4c34787b3158', '2022-07-15T23:27:31.089Z', '16/07/2022', '2MGHEBW6H5Ww3G8joQwoQ3FLobb2'),
('2MGHEBW6H5Ww3G8joQwoQ3FLobb2', 'bb54a609-a95f-4062-bd51-4c34787b3158', '2022-07-15T23:29:00.079Z', '16/07/2022', '2MGHEBW6H5Ww3G8joQwoQ3FLobb2'),
('2MGHEBW6H5Ww3G8joQwoQ3FLobb2', 'bb54a609-a95f-4062-bd51-4c34787b3158', '2022-07-15T23:30:17.809Z', '16/07/2022', '2MGHEBW6H5Ww3G8joQwoQ3FLobb2'),
('2MGHEBW6H5Ww3G8joQwoQ3FLobb2', 'bb54a609-a95f-4062-bd51-4c34787b3158', '2022-07-15T23:32:51.090Z', '16/07/2022', '2MGHEBW6H5Ww3G8joQwoQ3FLobb2'),
('2MGHEBW6H5Ww3G8joQwoQ3FLobb2', 'bb54a609-a95f-4062-bd51-4c34787b3158', '2022-07-15T23:33:30.833Z', '16/07/2022', '2MGHEBW6H5Ww3G8joQwoQ3FLobb2'),
('2MGHEBW6H5Ww3G8joQwoQ3FLobb2', 'bb54a609-a95f-4062-bd51-4c34787b3158', '2022-07-15T23:38:26.606Z', '16/07/2022', '2MGHEBW6H5Ww3G8joQwoQ3FLobb2'),
('2MGHEBW6H5Ww3G8joQwoQ3FLobb2', 'bb54a609-a95f-4062-bd51-4c34787b3158', '2022-07-15T23:43:32.456Z', '16/07/2022', '2MGHEBW6H5Ww3G8joQwoQ3FLobb2'),
('2MGHEBW6H5Ww3G8joQwoQ3FLobb2', 'bb54a609-a95f-4062-bd51-4c34787b3158', '2022-07-15T23:44:30.205Z', '16/07/2022', '2MGHEBW6H5Ww3G8joQwoQ3FLobb2'),
('2MGHEBW6H5Ww3G8joQwoQ3FLobb2', 'bb54a609-a95f-4062-bd51-4c34787b3158', '2022-07-15T23:45:24.611Z', '16/07/2022', '2MGHEBW6H5Ww3G8joQwoQ3FLobb2'),
('2MGHEBW6H5Ww3G8joQwoQ3FLobb2', 'bb54a609-a95f-4062-bd51-4c34787b3158', '2022-07-15T23:46:32.863Z', '16/07/2022', '2MGHEBW6H5Ww3G8joQwoQ3FLobb2'),
('2MGHEBW6H5Ww3G8joQwoQ3FLobb2', 'bb54a609-a95f-4062-bd51-4c34787b3158', '2022-07-15T23:47:03.049Z', '16/07/2022', '2MGHEBW6H5Ww3G8joQwoQ3FLobb2'),
('2MGHEBW6H5Ww3G8joQwoQ3FLobb2', 'bb54a609-a95f-4062-bd51-4c34787b3158', '2022-07-15T23:47:58.160Z', '16/07/2022', '2MGHEBW6H5Ww3G8joQwoQ3FLobb2'),
('2MGHEBW6H5Ww3G8joQwoQ3FLobb2', 'bb54a609-a95f-4062-bd51-4c34787b3158', '2022-07-15T23:50:14.357Z', '16/07/2022', '2MGHEBW6H5Ww3G8joQwoQ3FLobb2'),
('2MGHEBW6H5Ww3G8joQwoQ3FLobb2', 'bb54a609-a95f-4062-bd51-4c34787b3158', '2022-07-15T23:58:03.579Z', '16/07/2022', '2MGHEBW6H5Ww3G8joQwoQ3FLobb2'),
('2MGHEBW6H5Ww3G8joQwoQ3FLobb2', 'bb54a609-a95f-4062-bd51-4c34787b3158', '2022-07-15T23:59:20.934Z', '16/07/2022', '2MGHEBW6H5Ww3G8joQwoQ3FLobb2'),
('2MGHEBW6H5Ww3G8joQwoQ3FLobb2', 'bb54a609-a95f-4062-bd51-4c34787b3158', '2022-07-16T06:52:35.897Z', '16/07/2022', '2MGHEBW6H5Ww3G8joQwoQ3FLobb2'),
('2MGHEBW6H5Ww3G8joQwoQ3FLobb2', 'bb54a609-a95f-4062-bd51-4c34787b3158', '2022-07-16T07:01:23.039Z', '16/07/2022', '2MGHEBW6H5Ww3G8joQwoQ3FLobb2'),
('2MGHEBW6H5Ww3G8joQwoQ3FLobb2', 'bb54a609-a95f-4062-bd51-4c34787b3158', '2022-07-16T07:05:39.569Z', '16/07/2022', '2MGHEBW6H5Ww3G8joQwoQ3FLobb2'),
('2MGHEBW6H5Ww3G8joQwoQ3FLobb2', 'bb54a609-a95f-4062-bd51-4c34787b3158', '2022-07-16T07:05:44.392Z', '16/07/2022', '2MGHEBW6H5Ww3G8joQwoQ3FLobb2'),
('2MGHEBW6H5Ww3G8joQwoQ3FLobb2', 'bb54a609-a95f-4062-bd51-4c34787b3158', '2022-07-16T07:13:24.044Z', '16/07/2022', '2MGHEBW6H5Ww3G8joQwoQ3FLobb2'),
('2MGHEBW6H5Ww3G8joQwoQ3FLobb2', 'bb54a609-a95f-4062-bd51-4c34787b3158', '2022-07-17T11:44:51.999Z', '17/07/2022', '2MGHEBW6H5Ww3G8joQwoQ3FLobb2'),
('2MGHEBW6H5Ww3G8joQwoQ3FLobb2', 'bb54a609-a95f-4062-bd51-4c34787b3158', '2022-07-17T11:46:31.504Z', '17/07/2022', '2MGHEBW6H5Ww3G8joQwoQ3FLobb2'),
('2MGHEBW6H5Ww3G8joQwoQ3FLobb2', 'bb54a609-a95f-4062-bd51-4c34787b3158', '2022-07-17T11:47:10.927Z', '17/07/2022', '2MGHEBW6H5Ww3G8joQwoQ3FLobb2'),
('2MGHEBW6H5Ww3G8joQwoQ3FLobb2', 'bb54a609-a95f-4062-bd51-4c34787b3158', '2022-07-17T12:52:22.653Z', '17/07/2022', '2MGHEBW6H5Ww3G8joQwoQ3FLobb2'),
('2MGHEBW6H5Ww3G8joQwoQ3FLobb2', 'bb54a609-a95f-4062-bd51-4c34787b3158', '2022-07-17T12:52:27.959Z', '17/07/2022', '2MGHEBW6H5Ww3G8joQwoQ3FLobb2'),
('2MGHEBW6H5Ww3G8joQwoQ3FLobb2', 'bb54a609-a95f-4062-bd51-4c34787b3158', '2022-07-17T12:52:53.052Z', '17/07/2022', '2MGHEBW6H5Ww3G8joQwoQ3FLobb2'),
('2MGHEBW6H5Ww3G8joQwoQ3FLobb2', 'bb54a609-a95f-4062-bd51-4c34787b3158', '2022-07-17T14:07:47.534Z', '17/07/2022', '2MGHEBW6H5Ww3G8joQwoQ3FLobb2'),
('2MGHEBW6H5Ww3G8joQwoQ3FLobb2', 'bb54a609-a95f-4062-bd51-4c34787b3158', '2022-07-17T14:07:51.671Z', '17/07/2022', '2MGHEBW6H5Ww3G8joQwoQ3FLobb2'),
('2MGHEBW6H5Ww3G8joQwoQ3FLobb2', 'bb54a609-a95f-4062-bd51-4c34787b3158', '2022-07-17T14:07:53.217Z', '17/07/2022', '2MGHEBW6H5Ww3G8joQwoQ3FLobb2'),
('2MGHEBW6H5Ww3G8joQwoQ3FLobb2', 'bb54a609-a95f-4062-bd51-4c34787b3158', '2022-07-17T15:48:06.679Z', '17/07/2022', '2MGHEBW6H5Ww3G8joQwoQ3FLobb2'),
('2MGHEBW6H5Ww3G8joQwoQ3FLobb2', 'bb54a609-a95f-4062-bd51-4c34787b3158', '2022-07-17T18:13:48.275Z', '18/07/2022', '2MGHEBW6H5Ww3G8joQwoQ3FLobb2'),
('2MGHEBW6H5Ww3G8joQwoQ3FLobb2', 'bb54a609-a95f-4062-bd51-4c34787b3158', '2022-07-17T18:13:50.383Z', '18/07/2022', '2MGHEBW6H5Ww3G8joQwoQ3FLobb2'),
('2MGHEBW6H5Ww3G8joQwoQ3FLobb2', 'bb54a609-a95f-4062-bd51-4c34787b3158', '2022-07-17T18:13:53.115Z', '18/07/2022', '2MGHEBW6H5Ww3G8joQwoQ3FLobb2'),
('2MGHEBW6H5Ww3G8joQwoQ3FLobb2', 'bb54a609-a95f-4062-bd51-4c34787b3158', '2022-07-17T18:22:22.985Z', '18/07/2022', '2MGHEBW6H5Ww3G8joQwoQ3FLobb2'),
('2MGHEBW6H5Ww3G8joQwoQ3FLobb2', 'bb54a609-a95f-4062-bd51-4c34787b3158', '2022-07-17T18:26:10.268Z', '18/07/2022', '2MGHEBW6H5Ww3G8joQwoQ3FLobb2'),
('2MGHEBW6H5Ww3G8joQwoQ3FLobb2', 'bb54a609-a95f-4062-bd51-4c34787b3158', '2022-07-17T18:36:53.108Z', '18/07/2022', '2MGHEBW6H5Ww3G8joQwoQ3FLobb2'),
('2MGHEBW6H5Ww3G8joQwoQ3FLobb2', 'bb54a609-a95f-4062-bd51-4c34787b3158', '2022-07-18T04:06:59.996Z', '18/07/2022', '2MGHEBW6H5Ww3G8joQwoQ3FLobb2'),
('2MGHEBW6H5Ww3G8joQwoQ3FLobb2', 'bb54a609-a95f-4062-bd51-4c34787b3158', '2022-07-18T04:08:19.851Z', '18/07/2022', '2MGHEBW6H5Ww3G8joQwoQ3FLobb2'),
('2MGHEBW6H5Ww3G8joQwoQ3FLobb2', 'bb54a609-a95f-4062-bd51-4c34787b3158', '2022-07-18T08:21:51.496Z', '18/07/2022', '2MGHEBW6H5Ww3G8joQwoQ3FLobb2'),
('2MGHEBW6H5Ww3G8joQwoQ3FLobb2', 'bb54a609-a95f-4062-bd51-4c34787b3158', '2022-07-18T12:21:26.586Z', '18/07/2022', '2MGHEBW6H5Ww3G8joQwoQ3FLobb2'),
('2MGHEBW6H5Ww3G8joQwoQ3FLobb2', 'bb54a609-a95f-4062-bd51-4c34787b3158', '2022-07-18T15:20:36.690Z', '18/07/2022', '2MGHEBW6H5Ww3G8joQwoQ3FLobb2'),
('2MGHEBW6H5Ww3G8joQwoQ3FLobb2', 'bb54a609-a95f-4062-bd51-4c34787b3158', '2022-07-18T16:01:57.791Z', '18/07/2022', '2MGHEBW6H5Ww3G8joQwoQ3FLobb2'),
('2MGHEBW6H5Ww3G8joQwoQ3FLobb2', 'bb54a609-a95f-4062-bd51-4c34787b3158', '2022-07-19T01:58:48.634Z', '19/07/2022', '2MGHEBW6H5Ww3G8joQwoQ3FLobb2'),
('2MGHEBW6H5Ww3G8joQwoQ3FLobb2', 'bb54a609-a95f-4062-bd51-4c34787b3158', '2022-07-19T01:58:52.006Z', '19/07/2022', '2MGHEBW6H5Ww3G8joQwoQ3FLobb2'),
('2MGHEBW6H5Ww3G8joQwoQ3FLobb2', 'bb54a609-a95f-4062-bd51-4c34787b3158', '2022-07-19T06:01:46.211Z', '19/07/2022', '2MGHEBW6H5Ww3G8joQwoQ3FLobb2'),
('2MGHEBW6H5Ww3G8joQwoQ3FLobb2', 'bb54a609-a95f-4062-bd51-4c34787b3158', '2022-07-19T06:02:55.427Z', '19/07/2022', '2MGHEBW6H5Ww3G8joQwoQ3FLobb2'),
('2MGHEBW6H5Ww3G8joQwoQ3FLobb2', 'bb54a609-a95f-4062-bd51-4c34787b3158', '2022-07-19T06:03:28.425Z', '19/07/2022', '2MGHEBW6H5Ww3G8joQwoQ3FLobb2'),
('2MGHEBW6H5Ww3G8joQwoQ3FLobb2', 'bb54a609-a95f-4062-bd51-4c34787b3158', '2022-07-19T06:06:06.065Z', '19/07/2022', '2MGHEBW6H5Ww3G8joQwoQ3FLobb2'),
('2MGHEBW6H5Ww3G8joQwoQ3FLobb2', 'bb54a609-a95f-4062-bd51-4c34787b3158', '2022-07-19T06:10:25.744Z', '19/07/2022', '2MGHEBW6H5Ww3G8joQwoQ3FLobb2'),
('2MGHEBW6H5Ww3G8joQwoQ3FLobb2', 'bb54a609-a95f-4062-bd51-4c34787b3158', '2022-07-19T06:15:25.342Z', '19/07/2022', '2MGHEBW6H5Ww3G8joQwoQ3FLobb2'),
('2MGHEBW6H5Ww3G8joQwoQ3FLobb2', 'bb54a609-a95f-4062-bd51-4c34787b3158', '2022-07-19T06:19:03.165Z', '19/07/2022', '2MGHEBW6H5Ww3G8joQwoQ3FLobb2'),
('2MGHEBW6H5Ww3G8joQwoQ3FLobb2', 'bb54a609-a95f-4062-bd51-4c34787b3158', '2022-07-19T06:19:49.827Z', '19/07/2022', '2MGHEBW6H5Ww3G8joQwoQ3FLobb2'),
('2MGHEBW6H5Ww3G8joQwoQ3FLobb2', 'bb54a609-a95f-4062-bd51-4c34787b3158', '2022-07-19T06:23:34.142Z', '19/07/2022', '2MGHEBW6H5Ww3G8joQwoQ3FLobb2'),
('2MGHEBW6H5Ww3G8joQwoQ3FLobb2', 'bb54a609-a95f-4062-bd51-4c34787b3158', '2022-07-19T06:44:35.695Z', '19/07/2022', '2MGHEBW6H5Ww3G8joQwoQ3FLobb2'),
('2MGHEBW6H5Ww3G8joQwoQ3FLobb2', 'bb54a609-a95f-4062-bd51-4c34787b3158', '2022-07-19T06:44:51.702Z', '19/07/2022', '2MGHEBW6H5Ww3G8joQwoQ3FLobb2'),
('2MGHEBW6H5Ww3G8joQwoQ3FLobb2', 'bb54a609-a95f-4062-bd51-4c34787b3158', '2022-07-19T06:45:00.722Z', '19/07/2022', '2MGHEBW6H5Ww3G8joQwoQ3FLobb2'),
('2MGHEBW6H5Ww3G8joQwoQ3FLobb2', 'bb54a609-a95f-4062-bd51-4c34787b3158', '2022-07-19T06:58:36.373Z', '19/07/2022', '2MGHEBW6H5Ww3G8joQwoQ3FLobb2'),
('2MGHEBW6H5Ww3G8joQwoQ3FLobb2', 'bb54a609-a95f-4062-bd51-4c34787b3158', '2022-07-19T07:05:23.915Z', '19/07/2022', '2MGHEBW6H5Ww3G8joQwoQ3FLobb2'),
('2MGHEBW6H5Ww3G8joQwoQ3FLobb2', 'bb54a609-a95f-4062-bd51-4c34787b3158', '2022-07-19T07:08:11.851Z', '19/07/2022', '2MGHEBW6H5Ww3G8joQwoQ3FLobb2'),
('2MGHEBW6H5Ww3G8joQwoQ3FLobb2', 'bb54a609-a95f-4062-bd51-4c34787b3158', '2022-07-19T07:12:49.837Z', '19/07/2022', '2MGHEBW6H5Ww3G8joQwoQ3FLobb2'),
('2MGHEBW6H5Ww3G8joQwoQ3FLobb2', 'bb54a609-a95f-4062-bd51-4c34787b3158', '2022-07-19T07:17:21.739Z', '19/07/2022', '2MGHEBW6H5Ww3G8joQwoQ3FLobb2'),
('2MGHEBW6H5Ww3G8joQwoQ3FLobb2', 'bb54a609-a95f-4062-bd51-4c34787b3158', '2022-07-19T07:17:58.756Z', '19/07/2022', '2MGHEBW6H5Ww3G8joQwoQ3FLobb2'),
('2MGHEBW6H5Ww3G8joQwoQ3FLobb2', 'bb54a609-a95f-4062-bd51-4c34787b3158', '2022-07-19T07:19:32.243Z', '19/07/2022', '2MGHEBW6H5Ww3G8joQwoQ3FLobb2'),
('2MGHEBW6H5Ww3G8joQwoQ3FLobb2', 'bb54a609-a95f-4062-bd51-4c34787b3158', '2022-07-19T07:30:45.803Z', '19/07/2022', '2MGHEBW6H5Ww3G8joQwoQ3FLobb2'),
('2MGHEBW6H5Ww3G8joQwoQ3FLobb2', 'bb54a609-a95f-4062-bd51-4c34787b3158', '2022-07-19T07:43:43.896Z', '19/07/2022', '2MGHEBW6H5Ww3G8joQwoQ3FLobb2'),
('2MGHEBW6H5Ww3G8joQwoQ3FLobb2', 'bb54a609-a95f-4062-bd51-4c34787b3158', '2022-07-19T07:50:33.711Z', '19/07/2022', '2MGHEBW6H5Ww3G8joQwoQ3FLobb2'),
('2MGHEBW6H5Ww3G8joQwoQ3FLobb2', 'bb54a609-a95f-4062-bd51-4c34787b3158', '2022-07-19T07:51:00.713Z', '19/07/2022', '2MGHEBW6H5Ww3G8joQwoQ3FLobb2'),
('2MGHEBW6H5Ww3G8joQwoQ3FLobb2', 'bb54a609-a95f-4062-bd51-4c34787b3158', '2022-07-19T07:52:24.685Z', '19/07/2022', '2MGHEBW6H5Ww3G8joQwoQ3FLobb2'),
('2MGHEBW6H5Ww3G8joQwoQ3FLobb2', 'bb54a609-a95f-4062-bd51-4c34787b3158', '2022-07-19T07:52:43.695Z', '19/07/2022', '2MGHEBW6H5Ww3G8joQwoQ3FLobb2'),
('2MGHEBW6H5Ww3G8joQwoQ3FLobb2', 'bb54a609-a95f-4062-bd51-4c34787b3158', '2022-07-19T07:52:53.686Z', '19/07/2022', '2MGHEBW6H5Ww3G8joQwoQ3FLobb2'),
('2MGHEBW6H5Ww3G8joQwoQ3FLobb2', 'bb54a609-a95f-4062-bd51-4c34787b3158', '2022-07-19T07:52:55.688Z', '19/07/2022', '2MGHEBW6H5Ww3G8joQwoQ3FLobb2'),
('2MGHEBW6H5Ww3G8joQwoQ3FLobb2', 'bb54a609-a95f-4062-bd51-4c34787b3158', '2022-07-19T07:53:29.482Z', '19/07/2022', '2MGHEBW6H5Ww3G8joQwoQ3FLobb2'),
('2MGHEBW6H5Ww3G8joQwoQ3FLobb2', 'bb54a609-a95f-4062-bd51-4c34787b3158', '2022-07-19T07:53:52.768Z', '19/07/2022', '2MGHEBW6H5Ww3G8joQwoQ3FLobb2'),
('2MGHEBW6H5Ww3G8joQwoQ3FLobb2', 'bb54a609-a95f-4062-bd51-4c34787b3158', '2022-07-19T07:54:59.730Z', '19/07/2022', '2MGHEBW6H5Ww3G8joQwoQ3FLobb2'),
('2MGHEBW6H5Ww3G8joQwoQ3FLobb2', 'bb54a609-a95f-4062-bd51-4c34787b3158', '2022-07-19T07:55:07.703Z', '19/07/2022', '2MGHEBW6H5Ww3G8joQwoQ3FLobb2'),
('2MGHEBW6H5Ww3G8joQwoQ3FLobb2', 'bb54a609-a95f-4062-bd51-4c34787b3158', '2022-07-19T07:55:12.685Z', '19/07/2022', '2MGHEBW6H5Ww3G8joQwoQ3FLobb2'),
('2MGHEBW6H5Ww3G8joQwoQ3FLobb2', 'bb54a609-a95f-4062-bd51-4c34787b3158', '2022-07-19T07:55:16.691Z', '19/07/2022', '2MGHEBW6H5Ww3G8joQwoQ3FLobb2'),
('2MGHEBW6H5Ww3G8joQwoQ3FLobb2', 'bb54a609-a95f-4062-bd51-4c34787b3158', '2022-07-19T07:55:24.703Z', '19/07/2022', '2MGHEBW6H5Ww3G8joQwoQ3FLobb2'),
('2MGHEBW6H5Ww3G8joQwoQ3FLobb2', 'bb54a609-a95f-4062-bd51-4c34787b3158', '2022-07-19T07:55:31.801Z', '19/07/2022', '2MGHEBW6H5Ww3G8joQwoQ3FLobb2'),
('2MGHEBW6H5Ww3G8joQwoQ3FLobb2', 'bb54a609-a95f-4062-bd51-4c34787b3158', '2022-07-19T08:16:34.664Z', '19/07/2022', '2MGHEBW6H5Ww3G8joQwoQ3FLobb2'),
('2MGHEBW6H5Ww3G8joQwoQ3FLobb2', 'bb54a609-a95f-4062-bd51-4c34787b3158', '2022-07-19T08:18:00.963Z', '19/07/2022', '2MGHEBW6H5Ww3G8joQwoQ3FLobb2'),
('2MGHEBW6H5Ww3G8joQwoQ3FLobb2', 'bb54a609-a95f-4062-bd51-4c34787b3158', '2022-07-19T08:19:32.119Z', '19/07/2022', '2MGHEBW6H5Ww3G8joQwoQ3FLobb2'),
('2MGHEBW6H5Ww3G8joQwoQ3FLobb2', 'bb54a609-a95f-4062-bd51-4c34787b3158', '2022-07-19T08:41:58.894Z', '19/07/2022', '2MGHEBW6H5Ww3G8joQwoQ3FLobb2'),
('2MGHEBW6H5Ww3G8joQwoQ3FLobb2', 'bb54a609-a95f-4062-bd51-4c34787b3158', '2022-07-19T08:48:34.083Z', '19/07/2022', '2MGHEBW6H5Ww3G8joQwoQ3FLobb2'),
('2MGHEBW6H5Ww3G8joQwoQ3FLobb2', 'bb54a609-a95f-4062-bd51-4c34787b3158', '2022-07-19T08:49:24.630Z', '19/07/2022', '2MGHEBW6H5Ww3G8joQwoQ3FLobb2'),
('2MGHEBW6H5Ww3G8joQwoQ3FLobb2', 'bb54a609-a95f-4062-bd51-4c34787b3158', '2022-07-19T08:56:32.348Z', '19/07/2022', '2MGHEBW6H5Ww3G8joQwoQ3FLobb2'),
('2MGHEBW6H5Ww3G8joQwoQ3FLobb2', 'bb54a609-a95f-4062-bd51-4c34787b3158', '2022-07-19T08:58:18.853Z', '19/07/2022', '2MGHEBW6H5Ww3G8joQwoQ3FLobb2'),
('2MGHEBW6H5Ww3G8joQwoQ3FLobb2', 'bb54a609-a95f-4062-bd51-4c34787b3158', '2022-07-19T08:59:19.750Z', '19/07/2022', '2MGHEBW6H5Ww3G8joQwoQ3FLobb2'),
('2MGHEBW6H5Ww3G8joQwoQ3FLobb2', 'bb54a609-a95f-4062-bd51-4c34787b3158', '2022-07-19T09:03:26.382Z', '19/07/2022', '2MGHEBW6H5Ww3G8joQwoQ3FLobb2'),
('2MGHEBW6H5Ww3G8joQwoQ3FLobb2', 'bb54a609-a95f-4062-bd51-4c34787b3158', '2022-07-19T09:06:34.441Z', '19/07/2022', '2MGHEBW6H5Ww3G8joQwoQ3FLobb2'),
('2MGHEBW6H5Ww3G8joQwoQ3FLobb2', 'bb54a609-a95f-4062-bd51-4c34787b3158', '2022-07-19T09:08:41.849Z', '19/07/2022', '2MGHEBW6H5Ww3G8joQwoQ3FLobb2'),
('2MGHEBW6H5Ww3G8joQwoQ3FLobb2', 'bb54a609-a95f-4062-bd51-4c34787b3158', '2022-07-19T09:10:03.680Z', '19/07/2022', '2MGHEBW6H5Ww3G8joQwoQ3FLobb2'),
('2MGHEBW6H5Ww3G8joQwoQ3FLobb2', 'bb54a609-a95f-4062-bd51-4c34787b3158', '2022-07-19T09:11:08.989Z', '19/07/2022', '2MGHEBW6H5Ww3G8joQwoQ3FLobb2'),
('2MGHEBW6H5Ww3G8joQwoQ3FLobb2', 'bb54a609-a95f-4062-bd51-4c34787b3158', '2022-07-19T09:11:31.735Z', '19/07/2022', '2MGHEBW6H5Ww3G8joQwoQ3FLobb2'),
('2MGHEBW6H5Ww3G8joQwoQ3FLobb2', 'bb54a609-a95f-4062-bd51-4c34787b3158', '2022-07-19T09:12:39.086Z', '19/07/2022', '2MGHEBW6H5Ww3G8joQwoQ3FLobb2'),
('2MGHEBW6H5Ww3G8joQwoQ3FLobb2', 'bb54a609-a95f-4062-bd51-4c34787b3158', '2022-07-19T09:13:14.708Z', '19/07/2022', '2MGHEBW6H5Ww3G8joQwoQ3FLobb2'),
('2MGHEBW6H5Ww3G8joQwoQ3FLobb2', 'bb54a609-a95f-4062-bd51-4c34787b3158', '2022-07-19T09:19:22.532Z', '19/07/2022', '2MGHEBW6H5Ww3G8joQwoQ3FLobb2'),
('2MGHEBW6H5Ww3G8joQwoQ3FLobb2', 'bb54a609-a95f-4062-bd51-4c34787b3158', '2022-07-19T09:21:00.374Z', '19/07/2022', '2MGHEBW6H5Ww3G8joQwoQ3FLobb2'),
('2MGHEBW6H5Ww3G8joQwoQ3FLobb2', 'bb54a609-a95f-4062-bd51-4c34787b3158', '2022-07-19T09:47:07.289Z', '19/07/2022', '2MGHEBW6H5Ww3G8joQwoQ3FLobb2'),
('2MGHEBW6H5Ww3G8joQwoQ3FLobb2', 'bb54a609-a95f-4062-bd51-4c34787b3158', '2022-07-19T09:50:31.724Z', '19/07/2022', '2MGHEBW6H5Ww3G8joQwoQ3FLobb2'),
('2MGHEBW6H5Ww3G8joQwoQ3FLobb2', 'bb54a609-a95f-4062-bd51-4c34787b3158', '2022-07-19T09:50:41.091Z', '19/07/2022', '2MGHEBW6H5Ww3G8joQwoQ3FLobb2'),
('2MGHEBW6H5Ww3G8joQwoQ3FLobb2', 'bb54a609-a95f-4062-bd51-4c34787b3158', '2022-07-19T09:52:26.961Z', '19/07/2022', '2MGHEBW6H5Ww3G8joQwoQ3FLobb2'),
('2MGHEBW6H5Ww3G8joQwoQ3FLobb2', 'bb54a609-a95f-4062-bd51-4c34787b3158', '2022-07-19T10:43:41.753Z', '19/07/2022', ''),
('2MGHEBW6H5Ww3G8joQwoQ3FLobb2', 'bb54a609-a95f-4062-bd51-4c34787b3158', '2022-07-19T10:44:57.401Z', '19/07/2022', '2MGHEBW6H5Ww3G8joQwoQ3FLobb2'),
('2MGHEBW6H5Ww3G8joQwoQ3FLobb2', 'bb54a609-a95f-4062-bd51-4c34787b3158', '2022-07-19T10:56:44.393Z', '19/07/2022', '2MGHEBW6H5Ww3G8joQwoQ3FLobb2'),
('2MGHEBW6H5Ww3G8joQwoQ3FLobb2', 'bb54a609-a95f-4062-bd51-4c34787b3158', '2022-07-19T10:56:58.528Z', '19/07/2022', '2MGHEBW6H5Ww3G8joQwoQ3FLobb2'),
('2MGHEBW6H5Ww3G8joQwoQ3FLobb2', 'bb54a609-a95f-4062-bd51-4c34787b3158', '2022-07-19T10:57:44.132Z', '19/07/2022', '2MGHEBW6H5Ww3G8joQwoQ3FLobb2'),
('2MGHEBW6H5Ww3G8joQwoQ3FLobb2', 'bb54a609-a95f-4062-bd51-4c34787b3158', '2022-07-19T11:04:43.787Z', '19/07/2022', '2MGHEBW6H5Ww3G8joQwoQ3FLobb2'),
('2MGHEBW6H5Ww3G8joQwoQ3FLobb2', 'bb54a609-a95f-4062-bd51-4c34787b3158', '2022-07-19T11:52:07.744Z', '19/07/2022', '2MGHEBW6H5Ww3G8joQwoQ3FLobb2'),
('2MGHEBW6H5Ww3G8joQwoQ3FLobb2', 'bb54a609-a95f-4062-bd51-4c34787b3158', '2022-07-19T12:14:40.476Z', '19/07/2022', '2MGHEBW6H5Ww3G8joQwoQ3FLobb2'),
('2MGHEBW6H5Ww3G8joQwoQ3FLobb2', 'bb54a609-a95f-4062-bd51-4c34787b3158', '2022-07-19T14:07:50.684Z', '19/07/2022', '2MGHEBW6H5Ww3G8joQwoQ3FLobb2'),
('2MGHEBW6H5Ww3G8joQwoQ3FLobb2', 'bb54a609-a95f-4062-bd51-4c34787b3158', '2022-07-19T14:09:52.725Z', '19/07/2022', '2MGHEBW6H5Ww3G8joQwoQ3FLobb2'),
('2MGHEBW6H5Ww3G8joQwoQ3FLobb2', 'bb54a609-a95f-4062-bd51-4c34787b3158', '2022-07-23T16:48:50.739Z', '23/07/2022', '2MGHEBW6H5Ww3G8joQwoQ3FLobb2'),
('2MGHEBW6H5Ww3G8joQwoQ3FLobb2', 'bb54a609-a95f-4062-bd51-4c34787b3158', '2022-07-23T16:48:52.921Z', '23/07/2022', '2MGHEBW6H5Ww3G8joQwoQ3FLobb2'),
('2MGHEBW6H5Ww3G8joQwoQ3FLobb2', 'bb54a609-a95f-4062-bd51-4c34787b3158', '2022-07-24T09:35:49.923Z', '24/07/2022', '2MGHEBW6H5Ww3G8joQwoQ3FLobb2'),
('2MGHEBW6H5Ww3G8joQwoQ3FLobb2', 'bb54a609-a95f-4062-bd51-4c34787b3158', '2022-07-25T17:55:09.409Z', '26/07/2022', '2MGHEBW6H5Ww3G8joQwoQ3FLobb2'),
('2MGHEBW6H5Ww3G8joQwoQ3FLobb2', 'bb54a609-a95f-4062-bd51-4c34787b3158', '2022-07-25T17:56:19.533Z', '26/07/2022', '2MGHEBW6H5Ww3G8joQwoQ3FLobb2'),
('2MGHEBW6H5Ww3G8joQwoQ3FLobb2', 'bb54a609-a95f-4062-bd51-4c34787b3158', '2022-07-25T17:56:37.456Z', '26/07/2022', '2MGHEBW6H5Ww3G8joQwoQ3FLobb2'),
('2MGHEBW6H5Ww3G8joQwoQ3FLobb2', 'bb54a609-a95f-4062-bd51-4c34787b3158', '2022-07-25T17:56:43.847Z', '26/07/2022', '2MGHEBW6H5Ww3G8joQwoQ3FLobb2'),
('2MGHEBW6H5Ww3G8joQwoQ3FLobb2', 'bb54a609-a95f-4062-bd51-4c34787b3158', '2022-07-25T17:56:52.500Z', '26/07/2022', '2MGHEBW6H5Ww3G8joQwoQ3FLobb2'),
('2MGHEBW6H5Ww3G8joQwoQ3FLobb2', 'bb54a609-a95f-4062-bd51-4c34787b3158', '2022-07-25T17:58:01.458Z', '26/07/2022', '2MGHEBW6H5Ww3G8joQwoQ3FLobb2'),
('2MGHEBW6H5Ww3G8joQwoQ3FLobb2', 'bb54a609-a95f-4062-bd51-4c34787b3158', '2022-07-25T17:59:56.510Z', '26/07/2022', '2MGHEBW6H5Ww3G8joQwoQ3FLobb2'),
('2MGHEBW6H5Ww3G8joQwoQ3FLobb2', 'bb54a609-a95f-4062-bd51-4c34787b3158', '2022-07-25T18:00:23.507Z', '26/07/2022', '2MGHEBW6H5Ww3G8joQwoQ3FLobb2'),
('2MGHEBW6H5Ww3G8joQwoQ3FLobb2', 'bb54a609-a95f-4062-bd51-4c34787b3158', '2022-07-25T18:00:29.455Z', '26/07/2022', '2MGHEBW6H5Ww3G8joQwoQ3FLobb2'),
('2MGHEBW6H5Ww3G8joQwoQ3FLobb2', 'bb54a609-a95f-4062-bd51-4c34787b3158', '2022-07-25T18:00:42.451Z', '26/07/2022', '2MGHEBW6H5Ww3G8joQwoQ3FLobb2'),
('2MGHEBW6H5Ww3G8joQwoQ3FLobb2', 'bb54a609-a95f-4062-bd51-4c34787b3158', '2022-07-25T18:00:50.455Z', '26/07/2022', '2MGHEBW6H5Ww3G8joQwoQ3FLobb2'),
('2MGHEBW6H5Ww3G8joQwoQ3FLobb2', 'bb54a609-a95f-4062-bd51-4c34787b3158', '2022-07-25T18:02:23.520Z', '26/07/2022', '2MGHEBW6H5Ww3G8joQwoQ3FLobb2'),
('2MGHEBW6H5Ww3G8joQwoQ3FLobb2', 'bb54a609-a95f-4062-bd51-4c34787b3158', '2022-07-25T18:02:29.455Z', '26/07/2022', '2MGHEBW6H5Ww3G8joQwoQ3FLobb2'),
('2MGHEBW6H5Ww3G8joQwoQ3FLobb2', 'bb54a609-a95f-4062-bd51-4c34787b3158', '2022-07-25T18:06:02.462Z', '26/07/2022', '2MGHEBW6H5Ww3G8joQwoQ3FLobb2'),
('2MGHEBW6H5Ww3G8joQwoQ3FLobb2', 'bb54a609-a95f-4062-bd51-4c34787b3158', '2022-07-26T03:20:26.642Z', '26/07/2022', '2MGHEBW6H5Ww3G8joQwoQ3FLobb2'),
('2MGHEBW6H5Ww3G8joQwoQ3FLobb2', 'bb54a609-a95f-4062-bd51-4c34787b3158', '2022-07-26T03:22:02.481Z', '26/07/2022', '2MGHEBW6H5Ww3G8joQwoQ3FLobb2'),
('2MGHEBW6H5Ww3G8joQwoQ3FLobb2', 'bb54a609-a95f-4062-bd51-4c34787b3158', '2022-07-26T03:36:54.066Z', '26/07/2022', '2MGHEBW6H5Ww3G8joQwoQ3FLobb2'),
('2MGHEBW6H5Ww3G8joQwoQ3FLobb2', 'bb54a609-a95f-4062-bd51-4c34787b3158', '2022-07-26T03:40:47.928Z', '26/07/2022', '2MGHEBW6H5Ww3G8joQwoQ3FLobb2'),
('2MGHEBW6H5Ww3G8joQwoQ3FLobb2', 'bb54a609-a95f-4062-bd51-4c34787b3158', '2022-07-26T03:44:02.026Z', '26/07/2022', '2MGHEBW6H5Ww3G8joQwoQ3FLobb2'),
('2MGHEBW6H5Ww3G8joQwoQ3FLobb2', 'bb54a609-a95f-4062-bd51-4c34787b3158', '2022-07-26T03:45:00.917Z', '26/07/2022', '2MGHEBW6H5Ww3G8joQwoQ3FLobb2'),
('2MGHEBW6H5Ww3G8joQwoQ3FLobb2', 'bb54a609-a95f-4062-bd51-4c34787b3158', '2022-07-26T03:50:13.883Z', '26/07/2022', '2MGHEBW6H5Ww3G8joQwoQ3FLobb2'),
('2MGHEBW6H5Ww3G8joQwoQ3FLobb2', 'bb54a609-a95f-4062-bd51-4c34787b3158', '2022-07-26T03:53:48.253Z', '26/07/2022', '2MGHEBW6H5Ww3G8joQwoQ3FLobb2'),
('2MGHEBW6H5Ww3G8joQwoQ3FLobb2', 'bb54a609-a95f-4062-bd51-4c34787b3158', '2022-07-26T03:54:32.808Z', '26/07/2022', '2MGHEBW6H5Ww3G8joQwoQ3FLobb2'),
('2MGHEBW6H5Ww3G8joQwoQ3FLobb2', 'bb54a609-a95f-4062-bd51-4c34787b3158', '2022-07-26T09:42:46.935Z', '26/07/2022', '2MGHEBW6H5Ww3G8joQwoQ3FLobb2'),
('2MGHEBW6H5Ww3G8joQwoQ3FLobb2', 'bb54a609-a95f-4062-bd51-4c34787b3158', '2022-07-26T09:43:03.523Z', '26/07/2022', '2MGHEBW6H5Ww3G8joQwoQ3FLobb2'),
('2MGHEBW6H5Ww3G8joQwoQ3FLobb2', 'bb54a609-a95f-4062-bd51-4c34787b3158', '2022-07-26T09:44:10.049Z', '26/07/2022', '2MGHEBW6H5Ww3G8joQwoQ3FLobb2'),
('2MGHEBW6H5Ww3G8joQwoQ3FLobb2', 'bb54a609-a95f-4062-bd51-4c34787b3158', '2022-07-26T09:44:46.171Z', '26/07/2022', '2MGHEBW6H5Ww3G8joQwoQ3FLobb2'),
('2MGHEBW6H5Ww3G8joQwoQ3FLobb2', 'bb54a609-a95f-4062-bd51-4c34787b3158', '2022-07-26T09:45:27.639Z', '26/07/2022', '2MGHEBW6H5Ww3G8joQwoQ3FLobb2'),
('2MGHEBW6H5Ww3G8joQwoQ3FLobb2', 'bb54a609-a95f-4062-bd51-4c34787b3158', '2022-07-26T09:49:59.346Z', '26/07/2022', '2MGHEBW6H5Ww3G8joQwoQ3FLobb2'),
('2MGHEBW6H5Ww3G8joQwoQ3FLobb2', 'bb54a609-a95f-4062-bd51-4c34787b3158', '2022-07-26T09:57:04.478Z', '26/07/2022', '2MGHEBW6H5Ww3G8joQwoQ3FLobb2'),
('2MGHEBW6H5Ww3G8joQwoQ3FLobb2', 'bb54a609-a95f-4062-bd51-4c34787b3158', '2022-07-26T10:01:40.894Z', '26/07/2022', '2MGHEBW6H5Ww3G8joQwoQ3FLobb2'),
('2MGHEBW6H5Ww3G8joQwoQ3FLobb2', 'bb54a609-a95f-4062-bd51-4c34787b3158', '2022-07-26T10:07:42.562Z', '26/07/2022', '2MGHEBW6H5Ww3G8joQwoQ3FLobb2'),
('2MGHEBW6H5Ww3G8joQwoQ3FLobb2', 'bb54a609-a95f-4062-bd51-4c34787b3158', '2022-07-26T10:15:25.920Z', '26/07/2022', '2MGHEBW6H5Ww3G8joQwoQ3FLobb2'),
('2MGHEBW6H5Ww3G8joQwoQ3FLobb2', 'bb54a609-a95f-4062-bd51-4c34787b3158', '2022-07-26T10:25:35.590Z', '26/07/2022', '2MGHEBW6H5Ww3G8joQwoQ3FLobb2'),
('2MGHEBW6H5Ww3G8joQwoQ3FLobb2', 'bb54a609-a95f-4062-bd51-4c34787b3158', '2022-07-26T10:27:32.102Z', '26/07/2022', '2MGHEBW6H5Ww3G8joQwoQ3FLobb2'),
('2MGHEBW6H5Ww3G8joQwoQ3FLobb2', 'bb54a609-a95f-4062-bd51-4c34787b3158', '2022-07-26T10:27:39.835Z', '26/07/2022', '2MGHEBW6H5Ww3G8joQwoQ3FLobb2'),
('2MGHEBW6H5Ww3G8joQwoQ3FLobb2', 'bb54a609-a95f-4062-bd51-4c34787b3158', '2022-07-26T10:31:07.057Z', '26/07/2022', '2MGHEBW6H5Ww3G8joQwoQ3FLobb2'),
('2MGHEBW6H5Ww3G8joQwoQ3FLobb2', 'bb54a609-a95f-4062-bd51-4c34787b3158', '2022-07-26T12:37:54.234Z', '26/07/2022', '2MGHEBW6H5Ww3G8joQwoQ3FLobb2'),
('2MGHEBW6H5Ww3G8joQwoQ3FLobb2', 'bb54a609-a95f-4062-bd51-4c34787b3158', '2022-07-26T13:24:30.412Z', '26/07/2022', '2MGHEBW6H5Ww3G8joQwoQ3FLobb2'),
('2MGHEBW6H5Ww3G8joQwoQ3FLobb2', 'bb54a609-a95f-4062-bd51-4c34787b3158', '2022-07-26T13:25:10.720Z', '26/07/2022', '2MGHEBW6H5Ww3G8joQwoQ3FLobb2'),
('2MGHEBW6H5Ww3G8joQwoQ3FLobb2', 'bb54a609-a95f-4062-bd51-4c34787b3158', '2022-07-27T06:55:51.220Z', '27/07/2022', '2MGHEBW6H5Ww3G8joQwoQ3FLobb2'),
('2MGHEBW6H5Ww3G8joQwoQ3FLobb2', 'bb54a609-a95f-4062-bd51-4c34787b3158', '2022-07-27T06:57:46.697Z', '27/07/2022', '2MGHEBW6H5Ww3G8joQwoQ3FLobb2'),
('2MGHEBW6H5Ww3G8joQwoQ3FLobb2', 'bb54a609-a95f-4062-bd51-4c34787b3158', '2022-07-27T07:00:49.912Z', '27/07/2022', '2MGHEBW6H5Ww3G8joQwoQ3FLobb2'),
('2MGHEBW6H5Ww3G8joQwoQ3FLobb2', 'bb54a609-a95f-4062-bd51-4c34787b3158', '2022-07-27T07:03:47.853Z', '27/07/2022', '2MGHEBW6H5Ww3G8joQwoQ3FLobb2'),
('2MGHEBW6H5Ww3G8joQwoQ3FLobb2', 'bb54a609-a95f-4062-bd51-4c34787b3158', '2022-07-27T07:36:43.090Z', '27/07/2022', '2MGHEBW6H5Ww3G8joQwoQ3FLobb2'),
('2MGHEBW6H5Ww3G8joQwoQ3FLobb2', 'bb54a609-a95f-4062-bd51-4c34787b3158', '2022-07-27T07:49:59.972Z', '27/07/2022', '2MGHEBW6H5Ww3G8joQwoQ3FLobb2'),
('2MGHEBW6H5Ww3G8joQwoQ3FLobb2', 'bb54a609-a95f-4062-bd51-4c34787b3158', '2022-07-27T07:52:03.822Z', '27/07/2022', '2MGHEBW6H5Ww3G8joQwoQ3FLobb2'),
('2MGHEBW6H5Ww3G8joQwoQ3FLobb2', 'bb54a609-a95f-4062-bd51-4c34787b3158', '2022-07-27T07:53:34.200Z', '27/07/2022', '2MGHEBW6H5Ww3G8joQwoQ3FLobb2'),
('2MGHEBW6H5Ww3G8joQwoQ3FLobb2', 'bb54a609-a95f-4062-bd51-4c34787b3158', '2022-07-27T07:54:42.338Z', '27/07/2022', '2MGHEBW6H5Ww3G8joQwoQ3FLobb2'),
('2MGHEBW6H5Ww3G8joQwoQ3FLobb2', 'bb54a609-a95f-4062-bd51-4c34787b3158', '2022-07-27T08:30:04.018Z', '27/07/2022', '2MGHEBW6H5Ww3G8joQwoQ3FLobb2'),
('2MGHEBW6H5Ww3G8joQwoQ3FLobb2', 'bb54a609-a95f-4062-bd51-4c34787b3158', '2022-07-27T10:16:46.884Z', '27/07/2022', '2MGHEBW6H5Ww3G8joQwoQ3FLobb2'),
('2MGHEBW6H5Ww3G8joQwoQ3FLobb2', 'bb54a609-a95f-4062-bd51-4c34787b3158', '2022-07-27T10:17:25.075Z', '27/07/2022', '2MGHEBW6H5Ww3G8joQwoQ3FLobb2'),
('2MGHEBW6H5Ww3G8joQwoQ3FLobb2', 'bb54a609-a95f-4062-bd51-4c34787b3158', '2022-07-28T14:05:22.154Z', '28/07/2022', '2MGHEBW6H5Ww3G8joQwoQ3FLobb2'),
('2MGHEBW6H5Ww3G8joQwoQ3FLobb2', 'bb54a609-a95f-4062-bd51-4c34787b3158', '2022-07-29T08:40:38.008Z', '29/07/2022', '2MGHEBW6H5Ww3G8joQwoQ3FLobb2'),
('2MGHEBW6H5Ww3G8joQwoQ3FLobb2', 'bb54a609-a95f-4062-bd51-4c34787b3158', '2022-07-29T09:00:14.065Z', '29/07/2022', '2MGHEBW6H5Ww3G8joQwoQ3FLobb2'),
('2MGHEBW6H5Ww3G8joQwoQ3FLobb2', 'bb54a609-a95f-4062-bd51-4c34787b3158', '2022-07-29T09:03:25.421Z', '29/07/2022', '2MGHEBW6H5Ww3G8joQwoQ3FLobb2'),
('2MGHEBW6H5Ww3G8joQwoQ3FLobb2', 'bb54a609-a95f-4062-bd51-4c34787b3158', '2022-07-29T09:08:54.066Z', '29/07/2022', '2MGHEBW6H5Ww3G8joQwoQ3FLobb2'),
('2MGHEBW6H5Ww3G8joQwoQ3FLobb2', 'bb54a609-a95f-4062-bd51-4c34787b3158', '2022-07-29T09:11:03.056Z', '29/07/2022', '2MGHEBW6H5Ww3G8joQwoQ3FLobb2'),
('2MGHEBW6H5Ww3G8joQwoQ3FLobb2', 'bb54a609-a95f-4062-bd51-4c34787b3158', '2022-07-29T09:15:41.936Z', '29/07/2022', '2MGHEBW6H5Ww3G8joQwoQ3FLobb2'),
('2MGHEBW6H5Ww3G8joQwoQ3FLobb2', 'bb54a609-a95f-4062-bd51-4c34787b3158', '2022-07-29T09:16:31.420Z', '29/07/2022', '2MGHEBW6H5Ww3G8joQwoQ3FLobb2'),
('2MGHEBW6H5Ww3G8joQwoQ3FLobb2', 'bb54a609-a95f-4062-bd51-4c34787b3158', '2022-07-29T09:17:26.676Z', '29/07/2022', '2MGHEBW6H5Ww3G8joQwoQ3FLobb2'),
('2MGHEBW6H5Ww3G8joQwoQ3FLobb2', 'bb54a609-a95f-4062-bd51-4c34787b3158', '2022-07-29T09:18:06.952Z', '29/07/2022', '2MGHEBW6H5Ww3G8joQwoQ3FLobb2'),
('2MGHEBW6H5Ww3G8joQwoQ3FLobb2', 'bb54a609-a95f-4062-bd51-4c34787b3158', '2022-07-29T13:17:36.627Z', '29/07/2022', '2MGHEBW6H5Ww3G8joQwoQ3FLobb2'),
('2MGHEBW6H5Ww3G8joQwoQ3FLobb2', 'bb54a609-a95f-4062-bd51-4c34787b3158', '2022-07-29T14:13:14.033Z', '29/07/2022', '2MGHEBW6H5Ww3G8joQwoQ3FLobb2'),
('2MGHEBW6H5Ww3G8joQwoQ3FLobb2', 'bb54a609-a95f-4062-bd51-4c34787b3158', '2022-07-29T14:19:57.617Z', '29/07/2022', '2MGHEBW6H5Ww3G8joQwoQ3FLobb2'),
('2MGHEBW6H5Ww3G8joQwoQ3FLobb2', 'bb54a609-a95f-4062-bd51-4c34787b3158', '2022-07-29T14:39:46.897Z', '29/07/2022', '2MGHEBW6H5Ww3G8joQwoQ3FLobb2'),
('2MGHEBW6H5Ww3G8joQwoQ3FLobb2', 'bb54a609-a95f-4062-bd51-4c34787b3158', '2022-07-29T14:40:12.348Z', '29/07/2022', '2MGHEBW6H5Ww3G8joQwoQ3FLobb2'),
('2MGHEBW6H5Ww3G8joQwoQ3FLobb2', 'bb54a609-a95f-4062-bd51-4c34787b3158', '2022-07-29T14:44:05.382Z', '29/07/2022', '2MGHEBW6H5Ww3G8joQwoQ3FLobb2'),
('2MGHEBW6H5Ww3G8joQwoQ3FLobb2', 'bb54a609-a95f-4062-bd51-4c34787b3158', '2022-07-30T03:26:39.985Z', '30/07/2022', '2MGHEBW6H5Ww3G8joQwoQ3FLobb2'),
('2MGHEBW6H5Ww3G8joQwoQ3FLobb2', 'bb54a609-a95f-4062-bd51-4c34787b3158', '2022-08-01T08:18:09.110Z', '01/08/2022', '2MGHEBW6H5Ww3G8joQwoQ3FLobb2'),
('2MGHEBW6H5Ww3G8joQwoQ3FLobb2', 'bb54a609-a95f-4062-bd51-4c34787b3158', '2022-08-01T19:48:30.673Z', '02/08/2022', '2MGHEBW6H5Ww3G8joQwoQ3FLobb2'),
('2MGHEBW6H5Ww3G8joQwoQ3FLobb2', 'bb54a609-a95f-4062-bd51-4c34787b3158', '2022-08-02T13:50:46.439Z', '02/08/2022', '2MGHEBW6H5Ww3G8joQwoQ3FLobb2'),
('2MGHEBW6H5Ww3G8joQwoQ3FLobb2', 'bb54a609-a95f-4062-bd51-4c34787b3258', '2022-07-26T10:29:22.992Z', '26/07/2022', ''),
('2MGHEBW6H5Ww3G8joQwoQ3FLobb2', 'bb54a609-a95f-4062-bd51-4c34787b3258', '2022-07-26T10:30:24.636Z', '26/07/2022', ''),
('2MGHEBW6H5Ww3G8joQwoQ3FLobb2', 'd1bed7ae-0985-40ec-affd-39c90552cad9', '2022-07-23T13:35:18.511Z', '23/07/2022', '2MGHEBW6H5Ww3G8joQwoQ3FLobb2'),
('2MGHEBW6H5Ww3G8joQwoQ3FLobb2', 'd1bed7ae-0985-40ec-affd-39c90552cad9', '2022-07-23T13:37:54.502Z', '23/07/2022', '2MGHEBW6H5Ww3G8joQwoQ3FLobb2'),
('2MGHEBW6H5Ww3G8joQwoQ3FLobb2', 'd1bed7ae-0985-40ec-affd-39c90552cad9', '2022-07-23T13:45:10.112Z', '23/07/2022', '2MGHEBW6H5Ww3G8joQwoQ3FLobb2'),
('2MGHEBW6H5Ww3G8joQwoQ3FLobb2', 'd1bed7ae-0985-40ec-affd-39c90552cad9', '2022-07-23T14:08:35.445Z', '23/07/2022', '2MGHEBW6H5Ww3G8joQwoQ3FLobb2'),
('2MGHEBW6H5Ww3G8joQwoQ3FLobb2', 'd1bed7ae-0985-40ec-affd-39c90552cad9', '2022-07-23T14:08:45.379Z', '23/07/2022', '2MGHEBW6H5Ww3G8joQwoQ3FLobb2'),
('2MGHEBW6H5Ww3G8joQwoQ3FLobb2', 'd1bed7ae-0985-40ec-affd-39c90552cad9', '2022-07-23T16:48:55.815Z', '23/07/2022', '2MGHEBW6H5Ww3G8joQwoQ3FLobb2'),
('2MGHEBW6H5Ww3G8joQwoQ3FLobb2', 'd1bed7ae-0985-40ec-affd-39c90552cad9', '2022-07-29T09:00:05.408Z', '29/07/2022', '2MGHEBW6H5Ww3G8joQwoQ3FLobb2'),
('2MGHEBW6H5Ww3G8joQwoQ3FLobb2', 'undefined', '2022-07-19T10:38:24.258Z', '19/07/2022', ''),
('2MGHEBW6H5Ww3G8joQwoQ3FLobb2', 'undefined', '2022-07-19T10:38:26.699Z', '19/07/2022', ''),
('NI2z0hycquO2879Cizwx80duBTF2', 'bb54a609-a95f-4062-bd51-4c34787b3158', '2022-07-17T18:43:40.972Z', '18/07/2022', ''),
('NI2z0hycquO2879Cizwx80duBTF2', 'bb54a609-a95f-4062-bd51-4c34787b3158', '2022-07-19T06:24:03.296Z', '19/07/2022', ''),
('NI2z0hycquO2879Cizwx80duBTF2', 'bb54a609-a95f-4062-bd51-4c34787b3158', '2022-07-19T06:25:46.124Z', '19/07/2022', ''),
('NI2z0hycquO2879Cizwx80duBTF2', 'bb54a609-a95f-4062-bd51-4c34787b3158', '2022-07-19T06:27:07.576Z', '19/07/2022', ''),
('NI2z0hycquO2879Cizwx80duBTF2', 'bb54a609-a95f-4062-bd51-4c34787b3158', '2022-07-19T06:29:17.083Z', '19/07/2022', ''),
('NI2z0hycquO2879Cizwx80duBTF2', 'bb54a609-a95f-4062-bd51-4c34787b3158', '2022-07-19T06:30:35.551Z', '19/07/2022', ''),
('NI2z0hycquO2879Cizwx80duBTF2', 'bb54a609-a95f-4062-bd51-4c34787b3158', '2022-07-19T06:31:33.780Z', '19/07/2022', ''),
('NI2z0hycquO2879Cizwx80duBTF2', 'bb54a609-a95f-4062-bd51-4c34787b3158', '2022-07-19T06:35:50.477Z', '19/07/2022', ''),
('NI2z0hycquO2879Cizwx80duBTF2', 'bb54a609-a95f-4062-bd51-4c34787b3158', '2022-07-19T06:36:46.550Z', '19/07/2022', ''),
('NI2z0hycquO2879Cizwx80duBTF2', 'bb54a609-a95f-4062-bd51-4c34787b3158', '2022-07-19T06:37:31.239Z', '19/07/2022', ''),
('NI2z0hycquO2879Cizwx80duBTF2', 'bb54a609-a95f-4062-bd51-4c34787b3158', '2022-07-19T06:39:22.031Z', '19/07/2022', '2MGHEBW6H5Ww3G8joQwoQ3FLobb2'),
('NI2z0hycquO2879Cizwx80duBTF2', 'bb54a609-a95f-4062-bd51-4c34787b3158', '2022-07-19T06:44:35.738Z', '19/07/2022', '2MGHEBW6H5Ww3G8joQwoQ3FLobb2'),
('NI2z0hycquO2879Cizwx80duBTF2', 'bb54a609-a95f-4062-bd51-4c34787b3158', '2022-07-19T06:44:50.769Z', '19/07/2022', '2MGHEBW6H5Ww3G8joQwoQ3FLobb2'),
('NI2z0hycquO2879Cizwx80duBTF2', 'bb54a609-a95f-4062-bd51-4c34787b3158', '2022-07-19T06:45:00.723Z', '19/07/2022', '2MGHEBW6H5Ww3G8joQwoQ3FLobb2'),
('NI2z0hycquO2879Cizwx80duBTF2', 'bb54a609-a95f-4062-bd51-4c34787b3158', '2022-07-19T06:46:26.826Z', '19/07/2022', '2MGHEBW6H5Ww3G8joQwoQ3FLobb2'),
('NI2z0hycquO2879Cizwx80duBTF2', 'bb54a609-a95f-4062-bd51-4c34787b3158', '2022-07-19T07:55:58.930Z', '19/07/2022', '2MGHEBW6H5Ww3G8joQwoQ3FLobb2'),
('NI2z0hycquO2879Cizwx80duBTF2', 'bb54a609-a95f-4062-bd51-4c34787b3158', '2022-07-19T07:59:18.669Z', '19/07/2022', '2MGHEBW6H5Ww3G8joQwoQ3FLobb2'),
('RWoc8tyqK6XVTTutsjraNQ9dkYU2', '7b35d010-8696-46a2-99d5-64a110f639de', '2022-07-23T16:27:56.317Z', '23/07/2022', 'RWoc8tyqK6XVTTutsjraNQ9dkYU2'),
('RWoc8tyqK6XVTTutsjraNQ9dkYU2', '7b35d010-8696-46a2-99d5-64a110f639de', '2022-07-23T16:29:11.124Z', '23/07/2022', 'RWoc8tyqK6XVTTutsjraNQ9dkYU2'),
('RWoc8tyqK6XVTTutsjraNQ9dkYU2', 'bb54a609-a95f-4062-bd51-4c34787b3158', '2022-07-09T15:45:02.241Z', '09/07/2022', '2MGHEBW6H5Ww3G8joQwoQ3FLobb2'),
('RWoc8tyqK6XVTTutsjraNQ9dkYU2', 'bb54a609-a95f-4062-bd51-4c34787b3158', '2022-07-19T14:25:58.722Z', '19/07/2022', '2MGHEBW6H5Ww3G8joQwoQ3FLobb2'),
('RWoc8tyqK6XVTTutsjraNQ9dkYU2', 'bb54a609-a95f-4062-bd51-4c34787b3158', '2022-07-19T14:27:58.276Z', '19/07/2022', '2MGHEBW6H5Ww3G8joQwoQ3FLobb2'),
('RWoc8tyqK6XVTTutsjraNQ9dkYU2', 'bb54a609-a95f-4062-bd51-4c34787b3158', '2022-07-19T14:37:20.571Z', '19/07/2022', '2MGHEBW6H5Ww3G8joQwoQ3FLobb2'),
('RWoc8tyqK6XVTTutsjraNQ9dkYU2', 'bb54a609-a95f-4062-bd51-4c34787b3158', '2022-07-23T14:33:21.992Z', '23/07/2022', '2MGHEBW6H5Ww3G8joQwoQ3FLobb2'),
('RWoc8tyqK6XVTTutsjraNQ9dkYU2', 'bb54a609-a95f-4062-bd51-4c34787b3158', '2022-07-23T14:33:25.343Z', '23/07/2022', '2MGHEBW6H5Ww3G8joQwoQ3FLobb2'),
('RWoc8tyqK6XVTTutsjraNQ9dkYU2', 'bb54a609-a95f-4062-bd51-4c34787b3158', '2022-07-23T14:33:49.134Z', '23/07/2022', '2MGHEBW6H5Ww3G8joQwoQ3FLobb2'),
('RWoc8tyqK6XVTTutsjraNQ9dkYU2', 'bb54a609-a95f-4062-bd51-4c34787b3158', '2022-07-26T03:10:15.741Z', '26/07/2022', '2MGHEBW6H5Ww3G8joQwoQ3FLobb2'),
('RWoc8tyqK6XVTTutsjraNQ9dkYU2', 'bb54a609-a95f-4062-bd51-4c34787b3158', '2022-07-26T03:12:54.197Z', '26/07/2022', '2MGHEBW6H5Ww3G8joQwoQ3FLobb2'),
('RWoc8tyqK6XVTTutsjraNQ9dkYU2', 'bb54a609-a95f-4062-bd51-4c34787b3158', '2022-07-27T09:42:02.714Z', '27/07/2022', '2MGHEBW6H5Ww3G8joQwoQ3FLobb2'),
('RWoc8tyqK6XVTTutsjraNQ9dkYU2', 'd1bed7ae-0985-40ec-affd-39c90552cad9', '2022-07-24T02:12:58.623Z', '24/07/2022', '2MGHEBW6H5Ww3G8joQwoQ3FLobb2');

-- --------------------------------------------------------

--
-- Table structure for table `category_quiziz`
--

CREATE TABLE `category_quiziz` (
  `id_quiziz` int(11) NOT NULL,
  `category` varchar(255) NOT NULL
) ENGINE=InnoDB DEFAULT CHARSET=utf8mb4;

--
-- Dumping data for table `category_quiziz`
--

INSERT INTO `category_quiziz` (`id_quiziz`, `category`) VALUES
(47, 'english'),
(47, 'math'),
(47, 'social studies');

-- --------------------------------------------------------

--
-- Table structure for table `classes`
--

CREATE TABLE `classes` (
  `id_class` varchar(255) NOT NULL,
  `class_name` varchar(255) NOT NULL,
  `description` varchar(255) NOT NULL,
  `perform` tinyint(1) NOT NULL DEFAULT 1,
  `invite` tinyint(1) NOT NULL DEFAULT 1,
  `own_id` varchar(255) NOT NULL,
  `code_invite` varchar(255) DEFAULT NULL
) ENGINE=InnoDB DEFAULT CHARSET=utf8mb4;

--
-- Dumping data for table `classes`
--

INSERT INTO `classes` (`id_class`, `class_name`, `description`, `perform`, `invite`, `own_id`, `code_invite`) VALUES
('04bd0fcd-4f40-47ca-b3d3-1d50758dae7f', 'Hihihihihi', 'hihihihihihihihihihihi', 1, 1, 'RWoc8tyqK6XVTTutsjraNQ9dkYU2', 'bcd8d358-9c36-4e9b-b013-dc742246dc6a'),
('06f29a6d-e993-42a3-a7a2-73a17cff199b', 'Hihihihahahaha', 'hihihihahahaha', 1, 1, 'RWoc8tyqK6XVTTutsjraNQ9dkYU2', '421d47ba-bd20-4152-ac22-49e887039428'),
('1f5d58b5-3a65-4dd3-b854-aa2d709094d3', 'Hihihihihi', 'hihihihihihihihihihihi', 1, 1, 'RWoc8tyqK6XVTTutsjraNQ9dkYU2', 'eda1aab6-efb4-4444-bb7b-3e3595fe8054'),
('2f773d3e-6a70-40d2-a890-a53cd8ae6ff5', 'Hello World', 'Greet everything', 1, 1, 'RWoc8tyqK6XVTTutsjraNQ9dkYU2', '09bb2535-1f0e-413a-a914-ab4d99313015'),
('60916939-dbb1-4db3-a1f1-606a27e9d20f', 'Hihihihihi', 'hihihihihihihihihihihi', 1, 1, 'RWoc8tyqK6XVTTutsjraNQ9dkYU2', '48919fc5-6557-4688-bacc-6af120408ad7'),
('63b161d5-042a-4ab7-871d-47f0a86e71be', 'Hello World', 'Greet everything', 1, 1, 'RWoc8tyqK6XVTTutsjraNQ9dkYU2', '80c61ff6-b4c6-4ff6-8d9b-9029258115e5'),
('703747b3-895f-477a-9ca2-9686aea8df30', 'my class', 'connect everyone', 1, 1, 'RWoc8tyqK6XVTTutsjraNQ9dkYU2', 'dd67f149-5d48-4da4-9528-b038a232134c'),
('7159eb9a-2bbe-4762-9817-5772cf8882ec', 'hhhhhhhhhhhhhhhh', 'bumberbumer', 1, 1, 'RWoc8tyqK6XVTTutsjraNQ9dkYU2', '5821f962-bfaf-45ba-8b43-9bf66d39e8ff'),
('75f521f4-2613-4d8c-b7f0-f388a318484a', 'my class', 'connect everyone', 1, 1, 'RWoc8tyqK6XVTTutsjraNQ9dkYU2', '94027f2e-95f8-4064-98af-6a40224a3fdd'),
('880bc3b2-6931-49f5-8555-b4c35f701a00', 'Hihihihihi', 'hihihihihihihihihihihi', 1, 1, 'RWoc8tyqK6XVTTutsjraNQ9dkYU2', 'a27747f3-4957-4be7-9ce0-4198f3a5206c'),
('ab983b58-55ad-4f82-93c5-a8c08855af94', 'Number 1', 'numberbumbee', 1, 1, 'RWoc8tyqK6XVTTutsjraNQ9dkYU2', 'ef96346c-202a-4e83-b8b1-3f1f437e7044'),
('ac5d2a38-23f7-46b4-86a2-4b22c723daf7', 'Hello ', 'nothing', 1, 1, '2MGHEBW6H5Ww3G8joQwoQ3FLobb2', 'da6a5ad-sd46g4h56-d4d5aaa'),
('b3dc02e9-4f7f-48ea-938b-19fff496e02e', 'Number 1', 'numberbumbee', 1, 1, 'RWoc8tyqK6XVTTutsjraNQ9dkYU2', '8ef9eb49-8013-4bef-9fdc-7c72ce6640cb'),
('ba544440-7b59-428b-887b-aa3e6fffad0f', 'Hihihihihi', 'hihihihihihihihihihihi', 1, 1, 'RWoc8tyqK6XVTTutsjraNQ9dkYU2', '9af94f33-e067-46b8-8138-6f2c3be4d88c'),
('c8d966c5-aaae-4218-ba0d-2cf592c564dd', 'Number 1', 'numberbumbee', 1, 1, 'RWoc8tyqK6XVTTutsjraNQ9dkYU2', '6a6fd883-888f-4f5b-95e9-bf5045c41a46'),
('c9b70bba-066a-46cc-ace0-23f31d1712d4', 'Hihihihihi', 'hihihihihihihihihihihi', 1, 1, 'RWoc8tyqK6XVTTutsjraNQ9dkYU2', '289bc406-f665-4502-bbfd-8971bff072c6'),
('f93999d6-be3e-485d-93e5-f9da3ca3dad8', 'Hihihihihi', 'hihihihihihihihihihihi', 1, 1, 'RWoc8tyqK6XVTTutsjraNQ9dkYU2', '9b1ff202-8e03-4c7e-8c55-381eb5a993fa'),
('fe35d416-9d16-493e-81cf-514aaeaf969a', 'Hihihihihi', 'hihihihihihihihihihihi', 1, 1, 'RWoc8tyqK6XVTTutsjraNQ9dkYU2', '24fb53f7-473e-4685-bcd0-07a70d72889a');

-- --------------------------------------------------------

--
-- Table structure for table `class_user_join`
--

CREATE TABLE `class_user_join` (
  `id_class` varchar(255) NOT NULL,
  `id_user` varchar(255) NOT NULL,
  `point` int(255) NOT NULL DEFAULT 1
) ENGINE=InnoDB DEFAULT CHARSET=utf8mb4;

--
-- Dumping data for table `class_user_join`
--

INSERT INTO `class_user_join` (`id_class`, `id_user`, `point`) VALUES
('04bd0fcd-4f40-47ca-b3d3-1d50758dae7f', '2MGHEBW6H5Ww3G8joQwoQ3FLobb2', 1),
('04bd0fcd-4f40-47ca-b3d3-1d50758dae7f', 'eVHtw7h40WPaZaBPl5uOTG88Zey2', 1),
('04bd0fcd-4f40-47ca-b3d3-1d50758dae7f', 'RWoc8tyqK6XVTTutsjraNQ9dkYU2', 1),
('06f29a6d-e993-42a3-a7a2-73a17cff199b', 'RWoc8tyqK6XVTTutsjraNQ9dkYU2', 1),
('1f5d58b5-3a65-4dd3-b854-aa2d709094d3', 'RWoc8tyqK6XVTTutsjraNQ9dkYU2', 1),
('60916939-dbb1-4db3-a1f1-606a27e9d20f', 'RWoc8tyqK6XVTTutsjraNQ9dkYU2', 1),
('7159eb9a-2bbe-4762-9817-5772cf8882ec', 'RWoc8tyqK6XVTTutsjraNQ9dkYU2', 1),
('880bc3b2-6931-49f5-8555-b4c35f701a00', 'RWoc8tyqK6XVTTutsjraNQ9dkYU2', 1),
('ab983b58-55ad-4f82-93c5-a8c08855af94', 'RWoc8tyqK6XVTTutsjraNQ9dkYU2', 1),
('ac5d2a38-23f7-46b4-86a2-4b22c723daf7', '2MGHEBW6H5Ww3G8joQwoQ3FLobb2', 1),
('ac5d2a38-23f7-46b4-86a2-4b22c723daf7', 'ifv4pq0zklMOsORuNA8jHCzW25s1', 1),
('ac5d2a38-23f7-46b4-86a2-4b22c723daf7', 'NI2z0hycquO2879Cizwx80duBTF2', 1),
('ac5d2a38-23f7-46b4-86a2-4b22c723daf7', 'RWoc8tyqK6XVTTutsjraNQ9dkYU2', 1),
('b3dc02e9-4f7f-48ea-938b-19fff496e02e', 'RWoc8tyqK6XVTTutsjraNQ9dkYU2', 1),
('ba544440-7b59-428b-887b-aa3e6fffad0f', 'RWoc8tyqK6XVTTutsjraNQ9dkYU2', 1),
('c8d966c5-aaae-4218-ba0d-2cf592c564dd', 'RWoc8tyqK6XVTTutsjraNQ9dkYU2', 1),
('c9b70bba-066a-46cc-ace0-23f31d1712d4', 'RWoc8tyqK6XVTTutsjraNQ9dkYU2', 1),
('f93999d6-be3e-485d-93e5-f9da3ca3dad8', 'RWoc8tyqK6XVTTutsjraNQ9dkYU2', 1),
('fe35d416-9d16-493e-81cf-514aaeaf969a', 'RWoc8tyqK6XVTTutsjraNQ9dkYU2', 1);

-- --------------------------------------------------------

--
-- Table structure for table `member_of_class`
--

CREATE TABLE `member_of_class` (
  `id_user` varchar(255) NOT NULL,
  `id_class` varchar(255) NOT NULL,
  `role` int(10) NOT NULL,
  `time_join` varchar(255) NOT NULL
) ENGINE=InnoDB DEFAULT CHARSET=utf8mb4;

--
-- Dumping data for table `member_of_class`
--

INSERT INTO `member_of_class` (`id_user`, `id_class`, `role`, `time_join`) VALUES
('2MGHEBW6H5Ww3G8joQwoQ3FLobb2', '04bd0fcd-4f40-47ca-b3d3-1d50758dae7f', 2, '24-07-2022'),
('eVHtw7h40WPaZaBPl5uOTG88Zey2', '04bd0fcd-4f40-47ca-b3d3-1d50758dae7f', 1, '25-07-2022'),
('RWoc8tyqK6XVTTutsjraNQ9dkYU2', '04bd0fcd-4f40-47ca-b3d3-1d50758dae7f', 3, '24-07-2022'),
('RWoc8tyqK6XVTTutsjraNQ9dkYU2', '06f29a6d-e993-42a3-a7a2-73a17cff199b', 3, '24-07-2022'),
('RWoc8tyqK6XVTTutsjraNQ9dkYU2', '1f5d58b5-3a65-4dd3-b854-aa2d709094d3', 3, '24-07-2022'),
('RWoc8tyqK6XVTTutsjraNQ9dkYU2', '60916939-dbb1-4db3-a1f1-606a27e9d20f', 3, '24-07-2022'),
('RWoc8tyqK6XVTTutsjraNQ9dkYU2', '7159eb9a-2bbe-4762-9817-5772cf8882ec', 3, '24-07-2022'),
('RWoc8tyqK6XVTTutsjraNQ9dkYU2', '880bc3b2-6931-49f5-8555-b4c35f701a00', 3, '24-07-2022'),
('RWoc8tyqK6XVTTutsjraNQ9dkYU2', 'ab983b58-55ad-4f82-93c5-a8c08855af94', 3, '24-07-2022'),
('2MGHEBW6H5Ww3G8joQwoQ3FLobb2', 'ac5d2a38-23f7-46b4-86a2-4b22c723daf7', 3, '01-07-2022'),
('ifv4pq0zklMOsORuNA8jHCzW25s1', 'ac5d2a38-23f7-46b4-86a2-4b22c723daf7', 1, '19-07-2022'),
('NI2z0hycquO2879Cizwx80duBTF2', 'ac5d2a38-23f7-46b4-86a2-4b22c723daf7', 2, '18-07-2022'),
('RWoc8tyqK6XVTTutsjraNQ9dkYU2', 'ac5d2a38-23f7-46b4-86a2-4b22c723daf7', 1, '26-07-2022'),
('RWoc8tyqK6XVTTutsjraNQ9dkYU2', 'b3dc02e9-4f7f-48ea-938b-19fff496e02e', 3, '24-07-2022'),
('RWoc8tyqK6XVTTutsjraNQ9dkYU2', 'ba544440-7b59-428b-887b-aa3e6fffad0f', 3, '24-07-2022'),
('RWoc8tyqK6XVTTutsjraNQ9dkYU2', 'c8d966c5-aaae-4218-ba0d-2cf592c564dd', 3, '24-07-2022'),
('RWoc8tyqK6XVTTutsjraNQ9dkYU2', 'c9b70bba-066a-46cc-ace0-23f31d1712d4', 3, '24-07-2022'),
('RWoc8tyqK6XVTTutsjraNQ9dkYU2', 'f93999d6-be3e-485d-93e5-f9da3ca3dad8', 3, '24-07-2022'),
('RWoc8tyqK6XVTTutsjraNQ9dkYU2', 'fe35d416-9d16-493e-81cf-514aaeaf969a', 3, '24-07-2022');

-- --------------------------------------------------------

--
-- Table structure for table `question_of_term`
--

CREATE TABLE `question_of_term` (
  `id_question` varchar(255) NOT NULL,
  `id_term` varchar(255) NOT NULL,
  `question` varchar(1000) NOT NULL,
  `answer` varchar(255) NOT NULL
) ENGINE=InnoDB DEFAULT CHARSET=utf8mb4;

--
-- Dumping data for table `question_of_term`
--

INSERT INTO `question_of_term` (`id_question`, `id_term`, `question`, `answer`) VALUES
('40f4237a-a432-4158-bd27-203374fddfbd', '76cc3550-2bae-4e14-a458-5f939374823c', 'a\n1. b\n2. c\n3. d\n4. e', 'e'),
('45f46cff-0e9b-4ecf-8dfa-860f31cd14fb', '21a10c7c-234c-4ad7-bb03-c22a4c17a07c', 'Mu s\n1. numerator\n2. pentagon\n3. denominator\n4. multiple', 'denominator'),
('6aee45ce-fee2-4b9f-9e5f-b33bbd96e154', '7b35d010-8696-46a2-99d5-64a110f639de', 'T s\n1. Perimeter\n2. Denomination\n3. Fraction\n4. Numerator', 'Numerator'),
('6bdc04d4-9555-4d22-a04b-dde678b87be1', '7b35d010-8696-46a2-99d5-64a110f639de', 'Mu s\n1. Multiple\n2. Obtuse angle\n3. Fraction\n4. Denominator', 'Mutiple'),
('6fac931e-9ada-46a7-8dc7-98d84c408a2c', '76cc3550-2bae-4e14-a458-5f939374823c', 'went, gone\n1. give\n2. go\n3. get\n3. grow', 'go'),
('90b82b55-e093-484f-9e66-fecdf4d4cd3a', '7b35d010-8696-46a2-99d5-64a110f639de', 'T s\n1. Perimeter\n2. Denomination\n3. Fraction\n4. Numerator', 'Numerator'),
('98ad12f8-5ed3-433d-9301-0d54f73740d1', '7b35d010-8696-46a2-99d5-64a110f639de', 'T s\n1. Perimeter\n2. Denomination\n3. Fraction\n4. Numerator', 'Numerator'),
('a4e39728-8ab8-4da8-8a84-bd8747719de7', '7b35d010-8696-46a2-99d5-64a110f639de', 'T s\n1. Perimeter\n2. Denomination\n3. Fraction\n4. Numerator', 'Numerator'),
('ac9ae313-be7d-4aa8-b197-8ee11bb0dbda\r\n', 'bb54a609-a95f-4062-bd51-4c34787b3157', 'ate, eaten\r\n1. hit\r\n2. get\r\n3. eat\r\n4. hear', 'eat'),
('ac9ae313-be7d-4aa8-b197-8ee11bb0dbda2\r\n', 'bb54a609-a95f-4062-bd51-4c34787b3158', 'heard, heard\n1. feel\n2. have\n3. find\n4. hear', 'hear'),
('ac9ae313-be7d-4aa8-b197-8ee11bb0dbda3\r\n', 'bb54a609-a95f-4062-bd51-4c34787b3158', 'flew, flown\n1. fall\n2. eat\n3. grow\n4. fly', 'fly'),
('ac9ae313-be7d-4aa8-b197-8ee11bb0dbda4\r\n', 'bb54a609-a95f-4062-bd51-4c34787b3158', 'hit, hit\n1. eat\n2. hit\n3. get\n4. have', 'hit'),
('ac9ae313-be7d-4aa8-b197-8ee11bb0dbdb', 'bb54a609-a95f-4062-bd51-4c34787b3158', 'forgot, forgotten\n1. feel\n2. forget\n3. drive\n4. get', 'forget'),
('af123bab-ce01-49ea-88d5-2b478a2b3804', '7b35d010-8696-46a2-99d5-64a110f639de', 'T s\n1. Perimeter\n2. Denomination\n3. Fraction\n4. Numerator', 'Numerator'),
('b00e955c-2ac5-45eb-bb5c-315da27d2795', 'd1bed7ae-0985-40ec-affd-39c90552cad9', 'had, had\n1. hear\n2. have\n3. hit\n4. give', 'have'),
('b8e8dbbe-40f3-4897-b9ec-a154bc1a432b', 'd1bed7ae-0985-40ec-affd-39c90552cad9', 'had, had\n1. hear\n2. have\n3. hit\n4. give', 'have'),
('bb836a48-75bb-4551-a286-b8f7c0387fa7', 'd1bed7ae-0985-40ec-affd-39c90552cad9', 'had, had\n1. hear\n2. have\n3. hit\n4. give', 'have'),
('f73f7099-cbfa-405b-876a-88fd387ea3f4', 'd1bed7ae-0985-40ec-affd-39c90552cad9', 'had, had\n1. hear\n2. have\n3. hit\n4. give', 'have');

-- --------------------------------------------------------

--
-- Table structure for table `quiziz`
--

CREATE TABLE `quiziz` (
  `id_quiziz` varchar(255) NOT NULL,
  `owner_id` varchar(255) NOT NULL,
  `titleQuiz` varchar(255) NOT NULL,
  `time_created` varchar(255) NOT NULL
) ENGINE=InnoDB DEFAULT CHARSET=utf8mb4;

--
-- Dumping data for table `quiziz`
--

INSERT INTO `quiziz` (`id_quiziz`, `owner_id`, `titleQuiz`, `time_created`) VALUES
('47f196d4-fefe-4c45-80ac-66d0edd88019', '2MGHEBW6H5Ww3G8joQwoQ3FLobb2', 'Hello world', '2022-08-02 20:58:36.509000');

-- --------------------------------------------------------

--
-- Table structure for table `request_join_class`
--

CREATE TABLE `request_join_class` (
  `id_request_join` varchar(255) NOT NULL,
  `id_class` varchar(255) NOT NULL,
  `id_user` varchar(255) NOT NULL,
  `own_id` varchar(255) NOT NULL,
  `time_request` varchar(255) NOT NULL
) ENGINE=InnoDB DEFAULT CHARSET=utf8mb4;

-- --------------------------------------------------------

--
-- Table structure for table `result_test`
--

CREATE TABLE `result_test` (
  `id_test` varchar(255) NOT NULL,
  `id_term` varchar(255) NOT NULL,
  `id_question` varchar(255) NOT NULL,
  `chose_answer` varchar(255) NOT NULL,
  `correct_answer` varchar(255) NOT NULL,
  `id_user` varchar(255) NOT NULL
) ENGINE=InnoDB DEFAULT CHARSET=utf8mb4;

--
-- Dumping data for table `result_test`
--

INSERT INTO `result_test` (`id_test`, `id_term`, `id_question`, `chose_answer`, `correct_answer`, `id_user`) VALUES
('001d29ac-d6b5-4d6b-8d4c-2f696d3ba590', 'bb54a609-a95f-4062-bd51-4c34787b3158', 'ac9ae313-be7d-4aa8-b197-8ee11bb0dbda1\r\n', 'hit', 'have', '2MGHEBW6H5Ww3G8joQwoQ3FLobb2'),
('001d29ac-d6b5-4d6b-8d4c-2f696d3ba590', 'bb54a609-a95f-4062-bd51-4c34787b3158', 'ac9ae313-be7d-4aa8-b197-8ee11bb0dbda2\r\n', 'feel', 'hear', '2MGHEBW6H5Ww3G8joQwoQ3FLobb2'),
('001d29ac-d6b5-4d6b-8d4c-2f696d3ba590', 'bb54a609-a95f-4062-bd51-4c34787b3158', 'ac9ae313-be7d-4aa8-b197-8ee11bb0dbda3\r\n', 'fly', 'fly', '2MGHEBW6H5Ww3G8joQwoQ3FLobb2'),
('001d29ac-d6b5-4d6b-8d4c-2f696d3ba590', 'bb54a609-a95f-4062-bd51-4c34787b3158', 'ac9ae313-be7d-4aa8-b197-8ee11bb0dbda4\r\n', 'eat', 'hit', '2MGHEBW6H5Ww3G8joQwoQ3FLobb2'),
('001d29ac-d6b5-4d6b-8d4c-2f696d3ba590', 'bb54a609-a95f-4062-bd51-4c34787b3158', 'ac9ae313-be7d-4aa8-b197-8ee11bb0dbdb', 'feel', 'forget', '2MGHEBW6H5Ww3G8joQwoQ3FLobb2'),
('2d9e5da3-bfa0-48d6-95d8-3fdec934bc7d', 'bb54a609-a95f-4062-bd51-4c34787b3158', 'ac9ae313-be7d-4aa8-b197-8ee11bb0dbda1\r\n', 'hear', 'have', '2MGHEBW6H5Ww3G8joQwoQ3FLobb2'),
('2d9e5da3-bfa0-48d6-95d8-3fdec934bc7d', 'bb54a609-a95f-4062-bd51-4c34787b3158', 'ac9ae313-be7d-4aa8-b197-8ee11bb0dbda2\r\n', 'have', 'hear', '2MGHEBW6H5Ww3G8joQwoQ3FLobb2'),
('2d9e5da3-bfa0-48d6-95d8-3fdec934bc7d', 'bb54a609-a95f-4062-bd51-4c34787b3158', 'ac9ae313-be7d-4aa8-b197-8ee11bb0dbda3\r\n', 'fall', 'fly', '2MGHEBW6H5Ww3G8joQwoQ3FLobb2'),
('2d9e5da3-bfa0-48d6-95d8-3fdec934bc7d', 'bb54a609-a95f-4062-bd51-4c34787b3158', 'ac9ae313-be7d-4aa8-b197-8ee11bb0dbda4\r\n', 'eat', 'hit', '2MGHEBW6H5Ww3G8joQwoQ3FLobb2'),
('2d9e5da3-bfa0-48d6-95d8-3fdec934bc7d', 'bb54a609-a95f-4062-bd51-4c34787b3158', 'ac9ae313-be7d-4aa8-b197-8ee11bb0dbdb', 'forget', 'forget', '2MGHEBW6H5Ww3G8joQwoQ3FLobb2'),
('a7b84098-30d1-4ea7-98e4-0aef383dc5f5', 'bb54a609-a95f-4062-bd51-4c34787b3158', 'ac9ae313-be7d-4aa8-b197-8ee11bb0dbda1\r\n', 'hear', 'have', '2MGHEBW6H5Ww3G8joQwoQ3FLobb2'),
('a7b84098-30d1-4ea7-98e4-0aef383dc5f5', 'bb54a609-a95f-4062-bd51-4c34787b3158', 'ac9ae313-be7d-4aa8-b197-8ee11bb0dbda2\r\n', 'have', 'hear', '2MGHEBW6H5Ww3G8joQwoQ3FLobb2'),
('a7b84098-30d1-4ea7-98e4-0aef383dc5f5', 'bb54a609-a95f-4062-bd51-4c34787b3158', 'ac9ae313-be7d-4aa8-b197-8ee11bb0dbda3\r\n', 'fall', 'fly', '2MGHEBW6H5Ww3G8joQwoQ3FLobb2'),
('a7b84098-30d1-4ea7-98e4-0aef383dc5f5', 'bb54a609-a95f-4062-bd51-4c34787b3158', 'ac9ae313-be7d-4aa8-b197-8ee11bb0dbda4\r\n', 'hit', 'hit', '2MGHEBW6H5Ww3G8joQwoQ3FLobb2'),
('a7b84098-30d1-4ea7-98e4-0aef383dc5f5', 'bb54a609-a95f-4062-bd51-4c34787b3158', 'ac9ae313-be7d-4aa8-b197-8ee11bb0dbdb', 'forget', 'forget', '2MGHEBW6H5Ww3G8joQwoQ3FLobb2'),
('f064b512-65c1-4b70-9002-167abe424607', 'bb54a609-a95f-4062-bd51-4c34787b3158', 'ac9ae313-be7d-4aa8-b197-8ee11bb0dbda1\r\n', 'have', 'have', '2MGHEBW6H5Ww3G8joQwoQ3FLobb2'),
('f064b512-65c1-4b70-9002-167abe424607', 'bb54a609-a95f-4062-bd51-4c34787b3158', 'ac9ae313-be7d-4aa8-b197-8ee11bb0dbda2\r\n', 'feel', 'hear', '2MGHEBW6H5Ww3G8joQwoQ3FLobb2'),
('f064b512-65c1-4b70-9002-167abe424607', 'bb54a609-a95f-4062-bd51-4c34787b3158', 'ac9ae313-be7d-4aa8-b197-8ee11bb0dbda3\r\n', 'grow', 'fly', '2MGHEBW6H5Ww3G8joQwoQ3FLobb2'),
('f064b512-65c1-4b70-9002-167abe424607', 'bb54a609-a95f-4062-bd51-4c34787b3158', 'ac9ae313-be7d-4aa8-b197-8ee11bb0dbda4\r\n', 'eat', 'hit', '2MGHEBW6H5Ww3G8joQwoQ3FLobb2'),
('f064b512-65c1-4b70-9002-167abe424607', 'bb54a609-a95f-4062-bd51-4c34787b3158', 'ac9ae313-be7d-4aa8-b197-8ee11bb0dbdb', 'forget', 'forget', '2MGHEBW6H5Ww3G8joQwoQ3FLobb2');

-- --------------------------------------------------------

--
-- Table structure for table `stats_learn`
--

CREATE TABLE `stats_learn` (
  `id_user` varchar(255) NOT NULL,
  `percent` int(10) NOT NULL,
  `time_complete` int(10) NOT NULL,
  `time_created` varchar(255) NOT NULL
) ENGINE=InnoDB DEFAULT CHARSET=utf8mb4;

-- --------------------------------------------------------

--
-- Table structure for table `template_categories`
--

CREATE TABLE `template_categories` (
  `id` int(11) NOT NULL,
  `category` varchar(255) NOT NULL,
  `count_term` int(10) NOT NULL DEFAULT 1
) ENGINE=InnoDB DEFAULT CHARSET=utf8mb4;

--
-- Dumping data for table `template_categories`
--

INSERT INTO `template_categories` (`id`, `category`, `count_term`) VALUES
(1, 'math', 1),
(2, 'english', 1),
(3, 'social studies', 1),
(4, 'languages', 1),
(5, 'science', 1),
(6, 'computers', 1),
(7, 'career ed', 1),
(8, 'creative arts', 1),
(9, 'health & PE', 1),
(10, 'professional development', 1),
(11, 'physics', 1),
(12, 'chemistry', 1),
(13, 'biology', 1),
(14, 'world languages', 1),
(15, 'arts', 1),
(16, 'computer science', 1),
(17, 'fun', 1),
(18, 'architecture', 1),
(19, 'education', 1),
(20, 'desgin', 1),
(21, 'it', 1);

-- --------------------------------------------------------

--
-- Table structure for table `term`
--

CREATE TABLE `term` (
  `id_term` varchar(255) NOT NULL,
  `title` varchar(255) NOT NULL,
  `description` varchar(255) NOT NULL,
  `category` varchar(255) NOT NULL,
  `visible` int(11) NOT NULL,
  `editable` int(11) NOT NULL,
  `own_id` varchar(255) NOT NULL,
  `time_created` varchar(255) NOT NULL,
  `time_updated` varchar(255) NOT NULL
) ENGINE=InnoDB DEFAULT CHARSET=utf8mb4;

--
-- Dumping data for table `term`
--

INSERT INTO `term` (`id_term`, `title`, `description`, `category`, `visible`, `editable`, `own_id`, `time_created`, `time_updated`) VALUES
('21a10c7c-234c-4ad7-bb03-c22a4c17a07c', 'Math', 'about math', 'math', 1, 1, '2MGHEBW6H5Ww3G8joQwoQ3FLobb2', '2022-07-26 20:05:27.380000', '2022-07-26 20:05:27.380000'),
('76cc3550-2bae-4e14-a458-5f939374823c', 'Irregular2 ', 'Nothing to render anything about irregular 2', 'social studies', 2, 1, '2MGHEBW6H5Ww3G8joQwoQ3FLobb2', '2022-07-23 21:14:01.868000', '2022-07-23 21:14:01.868000'),
('7b35d010-8696-46a2-99d5-64a110f639de', 'T s', 'Cc bi hc lin quan n ton hc c bn', 'math', 1, 1, 'RWoc8tyqK6XVTTutsjraNQ9dkYU2', '2022-07-23 23:19:20.782000', '2022-07-23 23:19:20.782000'),
('bb54a609-a95f-4062-bd51-4c34787b3158', 'Biology', 'nothing to render', 'biology', 2, 1, '2MGHEBW6H5Ww3G8joQwoQ3FLobb2', '2022-07-03 18:37:07.192000', '2022-07-03 18:37:07.192000'),
('d1bed7ae-0985-40ec-affd-39c90552cad9', 'Irregular', 'Nothing to render game', 'english', 1, 1, '2MGHEBW6H5Ww3G8joQwoQ3FLobb2', '2022-07-23 20:35:15.814000', '2022-07-23 20:35:15.814000');

-- --------------------------------------------------------

--
-- Table structure for table `term_of_class`
--

CREATE TABLE `term_of_class` (
  `id_class` varchar(255) NOT NULL,
  `id_term` varchar(255) NOT NULL,
  `own_id` varchar(255) NOT NULL,
  `add_by` varchar(255) NOT NULL,
  `time_add` varchar(255) NOT NULL
) ENGINE=InnoDB DEFAULT CHARSET=utf8mb4;

--
-- Dumping data for table `term_of_class`
--

INSERT INTO `term_of_class` (`id_class`, `id_term`, `own_id`, `add_by`, `time_add`) VALUES
('04bd0fcd-4f40-47ca-b3d3-1d50758dae7f', 'bb54a609-a95f-4062-bd51-4c34787b3158', '2MGHEBW6H5Ww3G8joQwoQ3FLobb2', '2MGHEBW6H5Ww3G8joQwoQ3FLobb2', '2022-07-24 10:37:47.947000'),
('ac5d2a38-23f7-46b4-86a2-4b22c723daf7', '76cc3550-2bae-4e14-a458-5f939374823c', '2MGHEBW6H5Ww3G8joQwoQ3FLobb2', '2MGHEBW6H5Ww3G8joQwoQ3FLobb2', '2022-07-23 23:56:43.058000'),
('ac5d2a38-23f7-46b4-86a2-4b22c723daf7', 'bb54a609-a95f-4062-bd51-4c34787b3158', '2MGHEBW6H5Ww3G8joQwoQ3FLobb2', '2MGHEBW6H5Ww3G8joQwoQ3FLobb2', '2022-07-18 14:53:57.914000'),
('ac5d2a38-23f7-46b4-86a2-4b22c723daf7', 'd1bed7ae-0985-40ec-affd-39c90552cad9', '2MGHEBW6H5Ww3G8joQwoQ3FLobb2', '2MGHEBW6H5Ww3G8joQwoQ3FLobb2', '2022-07-24 10:04:48.992000');

-- --------------------------------------------------------

--
-- Table structure for table `user`
--

CREATE TABLE `user` (
  `uid` varchar(255) NOT NULL,
  `photoURL` varchar(255) DEFAULT NULL,
  `account_name` varchar(255) NOT NULL,
  `displayName` varchar(255) DEFAULT NULL,
  `class` int(10) NOT NULL,
  `languages` int(10) NOT NULL,
  `soundtrack` tinyint(1) NOT NULL,
  `theme_game` int(10) NOT NULL,
  `time_created` varchar(255) NOT NULL
) ENGINE=InnoDB DEFAULT CHARSET=utf8mb4;

--
-- Dumping data for table `user`
--

INSERT INTO `user` (`uid`, `photoURL`, `account_name`, `displayName`, `class`, `languages`, `soundtrack`, `theme_game`, `time_created`) VALUES
('2MGHEBW6H5Ww3G8joQwoQ3FLobb2', 'https://lh3.googleusercontent.com/a-/AOh14GiyzFzWZPVVn5cJhfsK3cFzGlBEEwUQBebUwFig=s200-c', 'datistpham_1241', 'Datist Pham', -1, 1, 1, 1, '2022-08-01 15:17:01.046000'),
('eVHtw7h40WPaZaBPl5uOTG88Zey2', 'https://lh3.googleusercontent.com/a/AATXAJzzuiXMC1w2XYrXLjur1yQ-en3VXkvgLJFVy0Ax=s200-c', 'sportssky_8736', 'Sports Sky', -1, 1, 1, 1, '2022-07-25 09:54:09.462000'),
('ifv4pq0zklMOsORuNA8jHCzW25s1', 'https://lh3.googleusercontent.com/a-/AFdZucq5cWzqv_vh7lXupm3rVLvMgk8UgKBe8VZsF5nY=s200-c', 'phmtrng giang_7890', 'Phm Trng Giang', -1, 1, 1, 1, '2022-07-18 22:05:03.009000'),
('NI2z0hycquO2879Cizwx80duBTF2', 'https://lh3.googleusercontent.com/a/AItbvmlKn6wNazP9MYENtz5Uofb5r8AAjN3FUtJLaR21=s200-c', '1storage_5465', '1 storage', -1, 1, 1, 1, '2022-07-18 00:17:09.475000'),
('RWoc8tyqK6XVTTutsjraNQ9dkYU2', 'https://lh3.googleusercontent.com/a/AATXAJzZDj9Rfsr8jd0KmN7Z1H-DMqVaz4a2Om2ifxJiwQ=s200-c', 'giangtruong_7085', 'Giang Truong', -1, 1, 1, 1, '2022-07-27 16:40:45.069000');

-- --------------------------------------------------------

--
-- Table structure for table `user_learn_day`
--

CREATE TABLE `user_learn_day` (
  `id_user` varchar(255) NOT NULL,
  `user_learn` tinyint(1) NOT NULL DEFAULT 0,
  `time_learn` varchar(255) NOT NULL
) ENGINE=InnoDB DEFAULT CHARSET=utf8mb4;

--
-- Dumping data for table `user_learn_day`
--

INSERT INTO `user_learn_day` (`id_user`, `user_learn`, `time_learn`) VALUES
('2MGHEBW6H5Ww3G8joQwoQ3FLobb2', 1, '09/07/2022'),
('2MGHEBW6H5Ww3G8joQwoQ3FLobb2', 1, '16/07/2022'),
('2MGHEBW6H5Ww3G8joQwoQ3FLobb2', 1, '18/07/2022'),
('2MGHEBW6H5Ww3G8joQwoQ3FLobb2', 1, '19/07/2022'),
('2MGHEBW6H5Ww3G8joQwoQ3FLobb2', 1, '23/07/2022'),
('2MGHEBW6H5Ww3G8joQwoQ3FLobb2', 1, '24/07/2022'),
('2MGHEBW6H5Ww3G8joQwoQ3FLobb2', 1, '26/07/2022'),
('2MGHEBW6H5Ww3G8joQwoQ3FLobb2', 1, '27/07/2022'),
('2MGHEBW6H5Ww3G8joQwoQ3FLobb2', 1, '29/07/2022'),
('2MGHEBW6H5Ww3G8joQwoQ3FLobb2', 1, '30/07/2022'),
('RWoc8tyqK6XVTTutsjraNQ9dkYU2', 1, '19/07/2022'),
('RWoc8tyqK6XVTTutsjraNQ9dkYU2', 1, '23/07/2022'),
('RWoc8tyqK6XVTTutsjraNQ9dkYU2', 1, '27/07/2022');

-- --------------------------------------------------------

--
-- Table structure for table `user_learn_detail_term`
--

CREATE TABLE `user_learn_detail_term` (
  `id_user` varchar(255) NOT NULL,
  `id_term` varchar(255) NOT NULL,
  `id_question` varchar(255) NOT NULL,
  `is_star` tinyint(1) NOT NULL
) ENGINE=InnoDB DEFAULT CHARSET=utf8mb4;

--
-- Dumping data for table `user_learn_detail_term`
--

INSERT INTO `user_learn_detail_term` (`id_user`, `id_term`, `id_question`, `is_star`) VALUES
('2MGHEBW6H5Ww3G8joQwoQ3FLobb2', '76cc3550-2bae-4e14-a458-5f939374823c', '6fac931e-9ada-46a7-8dc7-98d84c408a2c', 0),
('2MGHEBW6H5Ww3G8joQwoQ3FLobb2', '7b35d010-8696-46a2-99d5-64a110f639de', '6aee45ce-fee2-4b9f-9e5f-b33bbd96e154', 0),
('2MGHEBW6H5Ww3G8joQwoQ3FLobb2', 'bb54a609-a95f-4062-bd51-4c34787b3158', 'ac9ae313-be7d-4aa8-b197-8ee11bb0dbda2\r\n', 0),
('2MGHEBW6H5Ww3G8joQwoQ3FLobb2', 'bb54a609-a95f-4062-bd51-4c34787b3158', 'ac9ae313-be7d-4aa8-b197-8ee11bb0dbda3\r\n', 0),
('2MGHEBW6H5Ww3G8joQwoQ3FLobb2', 'bb54a609-a95f-4062-bd51-4c34787b3158', 'ac9ae313-be7d-4aa8-b197-8ee11bb0dbda4\r\n', 0),
('2MGHEBW6H5Ww3G8joQwoQ3FLobb2', 'bb54a609-a95f-4062-bd51-4c34787b3158', 'ac9ae313-be7d-4aa8-b197-8ee11bb0dbdb', 0),
('2MGHEBW6H5Ww3G8joQwoQ3FLobb2', 'd1bed7ae-0985-40ec-affd-39c90552cad9', 'b00e955c-2ac5-45eb-bb5c-315da27d2795', 1),
('2MGHEBW6H5Ww3G8joQwoQ3FLobb2', 'd1bed7ae-0985-40ec-affd-39c90552cad9', 'b8e8dbbe-40f3-4897-b9ec-a154bc1a432b', 0),
('2MGHEBW6H5Ww3G8joQwoQ3FLobb2', 'd1bed7ae-0985-40ec-affd-39c90552cad9', 'bb836a48-75bb-4551-a286-b8f7c0387fa7', 1),
('2MGHEBW6H5Ww3G8joQwoQ3FLobb2', 'd1bed7ae-0985-40ec-affd-39c90552cad9', 'f73f7099-cbfa-405b-876a-88fd387ea3f4', 0),
('RWoc8tyqK6XVTTutsjraNQ9dkYU2', '7b35d010-8696-46a2-99d5-64a110f639de', '98ad12f8-5ed3-433d-9301-0d54f73740d1', 1),
('RWoc8tyqK6XVTTutsjraNQ9dkYU2', '7b35d010-8696-46a2-99d5-64a110f639de', 'a4e39728-8ab8-4da8-8a84-bd8747719de7', 1),
('RWoc8tyqK6XVTTutsjraNQ9dkYU2', '7b35d010-8696-46a2-99d5-64a110f639de', 'af123bab-ce01-49ea-88d5-2b478a2b3804', 0),
('RWoc8tyqK6XVTTutsjraNQ9dkYU2', 'bb54a609-a95f-4062-bd51-4c34787b3158', 'ac9ae313-be7d-4aa8-b197-8ee11bb0dbda2\r\n', 0),
('RWoc8tyqK6XVTTutsjraNQ9dkYU2', 'd1bed7ae-0985-40ec-affd-39c90552cad9', 'b00e955c-2ac5-45eb-bb5c-315da27d2795', 1),
('RWoc8tyqK6XVTTutsjraNQ9dkYU2', 'd1bed7ae-0985-40ec-affd-39c90552cad9', 'b8e8dbbe-40f3-4897-b9ec-a154bc1a432b', 0),
('RWoc8tyqK6XVTTutsjraNQ9dkYU2', 'd1bed7ae-0985-40ec-affd-39c90552cad9', 'bb836a48-75bb-4551-a286-b8f7c0387fa7', 1),
('RWoc8tyqK6XVTTutsjraNQ9dkYU2', 'd1bed7ae-0985-40ec-affd-39c90552cad9', 'f73f7099-cbfa-405b-876a-88fd387ea3f4', 0);

-- --------------------------------------------------------

--
-- Table structure for table `user_learn_term`
--

CREATE TABLE `user_learn_term` (
  `id_user` varchar(255) NOT NULL,
  `id_term` varchar(255) NOT NULL,
  `current_question` int(10) NOT NULL,
  `time_created` varchar(255) NOT NULL,
  `own_id` varchar(255) NOT NULL
) ENGINE=InnoDB DEFAULT CHARSET=utf8mb4;

--
-- Dumping data for table `user_learn_term`
--

INSERT INTO `user_learn_term` (`id_user`, `id_term`, `current_question`, `time_created`, `own_id`) VALUES
('', '76cc3550-2bae-4e14-a458-5f939374823c', 1, '24/07/2022', ''),
('', '7b35d010-8696-46a2-99d5-64a110f639de', 1, '30/07/2022', ''),
('', 'bb54a609-a95f-4062-bd51-4c34787b3158', 1, '27/07/2022', ''),
('2MGHEBW6H5Ww3G8joQwoQ3FLobb2', '21a10c7c-234c-4ad7-bb03-c22a4c17a07c', 1, '01/08/2022', ''),
('2MGHEBW6H5Ww3G8joQwoQ3FLobb2', '76cc3550-2bae-4e14-a458-5f939374823c', 1, '01/08/2022', ''),
('2MGHEBW6H5Ww3G8joQwoQ3FLobb2', '7b35d010-8696-46a2-99d5-64a110f639de', 1, '01/08/2022', ''),
('2MGHEBW6H5Ww3G8joQwoQ3FLobb2', 'bb54a609-a95f-4062-bd51-4c34787b3158', 1, '02/08/2022', ''),
('2MGHEBW6H5Ww3G8joQwoQ3FLobb2', 'd1bed7ae-0985-40ec-affd-39c90552cad9', 1, '30/07/2022', ''),
('NI2z0hycquO2879Cizwx80duBTF2', 'bb54a609-a95f-4062-bd51-4c34787b3158', 1, '19/07/2022', '2MGHEBW6H5Ww3G8joQwoQ3FLobb2'),
('RWoc8tyqK6XVTTutsjraNQ9dkYU2', '7b35d010-8696-46a2-99d5-64a110f639de', 1, '23/07/2022', ''),
('RWoc8tyqK6XVTTutsjraNQ9dkYU2', 'bb54a609-a95f-4062-bd51-4c34787b3158', 1, '27/07/2022', ''),
('RWoc8tyqK6XVTTutsjraNQ9dkYU2', 'd1bed7ae-0985-40ec-affd-39c90552cad9', 1, '24/07/2022', '');

--
-- Indexes for dumped tables
--

--
-- Indexes for table `access_learn_term`
--
ALTER TABLE `access_learn_term`
  ADD PRIMARY KEY (`id_user`,`id_term`,`time_access`);

--
-- Indexes for table `category_quiziz`
--
ALTER TABLE `category_quiziz`
  ADD PRIMARY KEY (`id_quiziz`,`category`);

--
-- Indexes for table `classes`
--
ALTER TABLE `classes`
  ADD PRIMARY KEY (`id_class`);
ALTER TABLE `classes` ADD FULLTEXT KEY `class_name` (`class_name`);
ALTER TABLE `classes` ADD FULLTEXT KEY `description` (`description`);

--
-- Indexes for table `class_user_join`
--
ALTER TABLE `class_user_join`
  ADD PRIMARY KEY (`id_class`,`id_user`);

--
-- Indexes for table `member_of_class`
--
ALTER TABLE `member_of_class`
  ADD PRIMARY KEY (`id_class`,`id_user`),
  ADD KEY `id_user` (`id_user`);

--
-- Indexes for table `question_of_term`
--
ALTER TABLE `question_of_term`
  ADD PRIMARY KEY (`id_question`,`id_term`),
  ADD KEY `fk_key_21` (`id_term`);

--
-- Indexes for table `quiziz`
--
ALTER TABLE `quiziz`
  ADD PRIMARY KEY (`id_quiziz`);

--
-- Indexes for table `request_join_class`
--
ALTER TABLE `request_join_class`
  ADD PRIMARY KEY (`id_request_join`,`id_class`,`id_user`),
  ADD KEY `id_user` (`id_user`);

--
-- Indexes for table `result_test`
--
ALTER TABLE `result_test`
  ADD PRIMARY KEY (`id_test`,`id_question`);

--
-- Indexes for table `stats_learn`
--
ALTER TABLE `stats_learn`
  ADD PRIMARY KEY (`id_user`);

--
-- Indexes for table `template_categories`
--
ALTER TABLE `template_categories`
  ADD PRIMARY KEY (`id`);

--
-- Indexes for table `term`
--
ALTER TABLE `term`
  ADD PRIMARY KEY (`id_term`,`own_id`),
  ADD KEY `own_id` (`own_id`);
ALTER TABLE `term` ADD FULLTEXT KEY `title` (`title`);
ALTER TABLE `term` ADD FULLTEXT KEY `description` (`description`);

--
-- Indexes for table `term_of_class`
--
ALTER TABLE `term_of_class`
  ADD PRIMARY KEY (`id_class`,`id_term`),
  ADD KEY `id_term` (`id_term`);

--
-- Indexes for table `user`
--
ALTER TABLE `user`
  ADD PRIMARY KEY (`uid`);

--
-- Indexes for table `user_learn_day`
--
ALTER TABLE `user_learn_day`
  ADD PRIMARY KEY (`id_user`,`time_learn`);

--
-- Indexes for table `user_learn_detail_term`
--
ALTER TABLE `user_learn_detail_term`
  ADD PRIMARY KEY (`id_user`,`id_term`,`id_question`),
  ADD KEY `id_question` (`id_question`);

--
-- Indexes for table `user_learn_term`
--
ALTER TABLE `user_learn_term`
  ADD PRIMARY KEY (`id_user`,`id_term`),
  ADD KEY `id_term` (`id_term`);

--
-- AUTO_INCREMENT for dumped tables
--

--
-- AUTO_INCREMENT for table `template_categories`
--
ALTER TABLE `template_categories`
  MODIFY `id` int(11) NOT NULL AUTO_INCREMENT, AUTO_INCREMENT=22;

--
-- Constraints for dumped tables
--

--
-- Constraints for table `access_learn_term`
--
ALTER TABLE `access_learn_term`
  ADD CONSTRAINT `access_learn_term_ibfk_1` FOREIGN KEY (`id_user`) REFERENCES `user` (`uid`);

--
-- Constraints for table `class_user_join`
--
ALTER TABLE `class_user_join`
  ADD CONSTRAINT `class_user_join_ibfk_1` FOREIGN KEY (`id_class`) REFERENCES `classes` (`id_class`),
  ADD CONSTRAINT `class_user_join_ibfk_2` FOREIGN KEY (`id_class`,`id_user`) REFERENCES `member_of_class` (`id_class`, `id_user`),
  ADD CONSTRAINT `fk_key_22` FOREIGN KEY (`id_class`) REFERENCES `classes` (`id_class`);

--
-- Constraints for table `member_of_class`
--
ALTER TABLE `member_of_class`
  ADD CONSTRAINT `member_of_class_ibfk_1` FOREIGN KEY (`id_user`) REFERENCES `user` (`uid`);

--
-- Constraints for table `question_of_term`
--
ALTER TABLE `question_of_term`
  ADD CONSTRAINT `fk_key_21` FOREIGN KEY (`id_term`) REFERENCES `term` (`id_term`);

--
-- Constraints for table `request_join_class`
--
ALTER TABLE `request_join_class`
  ADD CONSTRAINT `request_join_class_ibfk_1` FOREIGN KEY (`id_user`) REFERENCES `user` (`uid`);

--
-- Constraints for table `stats_learn`
--
ALTER TABLE `stats_learn`
  ADD CONSTRAINT `stats_learn_ibfk_1` FOREIGN KEY (`id_user`) REFERENCES `user` (`uid`);

--
-- Constraints for table `term`
--
ALTER TABLE `term`
  ADD CONSTRAINT `term_ibfk_1` FOREIGN KEY (`own_id`) REFERENCES `user` (`uid`);

--
-- Constraints for table `term_of_class`
--
ALTER TABLE `term_of_class`
  ADD CONSTRAINT `term_of_class_ibfk_1` FOREIGN KEY (`id_term`) REFERENCES `term` (`id_term`);

--
-- Constraints for table `user_learn_day`
--
ALTER TABLE `user_learn_day`
  ADD CONSTRAINT `user_learn_day_ibfk_1` FOREIGN KEY (`id_user`) REFERENCES `user` (`uid`);

--
-- Constraints for table `user_learn_detail_term`
--
ALTER TABLE `user_learn_detail_term`
  ADD CONSTRAINT `user_learn_detail_term_ibfk_1` FOREIGN KEY (`id_question`) REFERENCES `question_of_term` (`id_question`);

--
-- Constraints for table `user_learn_term`
--
ALTER TABLE `user_learn_term`
  ADD CONSTRAINT `user_learn_term_ibfk_1` FOREIGN KEY (`id_term`) REFERENCES `term` (`id_term`),
  ADD CONSTRAINT `user_learn_term_ibfk_2` FOREIGN KEY (`id_term`) REFERENCES `term` (`id_term`);
COMMIT;

/*!40101 SET CHARACTER_SET_CLIENT=@OLD_CHARACTER_SET_CLIENT */;
/*!40101 SET CHARACTER_SET_RESULTS=@OLD_CHARACTER_SET_RESULTS */;
/*!40101 SET COLLATION_CONNECTION=@OLD_COLLATION_CONNECTION */;
